RAM 1672/3964MB (lfb 138x4MB) SWAP 59/6078MB (cached 1MB) CPU [79%@1479,15%@1479,15%@1479,4%@1479] EMC_FREQ 0% GR3D_FREQ 22% PLL@31.5C CPU@35.5C PMIC@50C GPU@30.5C AO@42.5C thermal@32.75C
RAM 1773/3964MB (lfb 138x4MB) SWAP 59/6078MB (cached 1MB) CPU [8%@1479,85%@1479,9%@1479,10%@1479] EMC_FREQ 0% GR3D_FREQ 11% PLL@32C CPU@36C PMIC@50C GPU@30.5C AO@42.5C thermal@32.75C
RAM 1878/3964MB (lfb 138x4MB) SWAP 59/6078MB (cached 1MB) CPU [12%@1479,14%@1479,75%@1479,15%@1479] EMC_FREQ 0% GR3D_FREQ 37% PLL@32C CPU@36.5C PMIC@50C GPU@30C AO@42.5C thermal@33.5C
RAM 2022/3964MB (lfb 138x4MB) SWAP 59/6078MB (cached 1MB) CPU [11%@1479,15%@1479,25%@1479,72%@1479] EMC_FREQ 0% GR3D_FREQ 50% PLL@32C CPU@36C PMIC@50C GPU@30.5C AO@42C thermal@32.75C
RAM 2145/3964MB (lfb 133x4MB) SWAP 59/6078MB (cached 1MB) CPU [11%@1479,23%@1479,25%@1479,66%@1479] EMC_FREQ 0% GR3D_FREQ 0% PLL@32C CPU@36C PMIC@50C GPU@30C AO@42.5C thermal@33C
RAM 2234/3964MB (lfb 131x4MB) SWAP 59/6078MB (cached 1MB) CPU [7%@1479,21%@1479,10%@1479,57%@1479] EMC_FREQ 0% GR3D_FREQ 0% PLL@32C CPU@35.5C PMIC@50C GPU@30C AO@42C thermal@33C
RAM 2435/3964MB (lfb 109x4MB) SWAP 70/6078MB (cached 1MB) CPU [5%@1479,47%@1479,5%@1479,69%@1479] EMC_FREQ 0% GR3D_FREQ 18% PLL@32.5C CPU@35.5C PMIC@50C GPU@30C AO@42.5C thermal@32.5C
RAM 2432/3964MB (lfb 112x4MB) SWAP 70/6078MB (cached 1MB) CPU [4%@1224,41%@1224,7%@1224,4%@1224] EMC_FREQ 0% GR3D_FREQ 99% PLL@33C CPU@37.5C PMIC@50C GPU@33C AO@48C thermal@33C
RAM 2432/3964MB (lfb 112x4MB) SWAP 70/6078MB (cached 1MB) CPU [6%@1224,14%@1224,15%@1224,3%@1224] EMC_FREQ 0% GR3D_FREQ 99% PLL@33C CPU@38C PMIC@50C GPU@33.5C AO@48.5C thermal@35.25C
RAM 2432/3964MB (lfb 112x4MB) SWAP 70/6078MB (cached 1MB) CPU [22%@1479,3%@1479,9%@1479,3%@1479] EMC_FREQ 0% GR3D_FREQ 99% PLL@33C CPU@38C PMIC@50C GPU@33.5C AO@48.5C thermal@36C
RAM 2432/3964MB (lfb 112x4MB) SWAP 70/6078MB (cached 1MB) CPU [27%@1479,4%@1479,3%@1479,2%@1479] EMC_FREQ 0% GR3D_FREQ 99% PLL@33C CPU@38C PMIC@50C GPU@34C AO@49.5C thermal@36C
RAM 2432/3964MB (lfb 112x4MB) SWAP 70/6078MB (cached 1MB) CPU [10%@1224,10%@1224,8%@1224,10%@1224] EMC_FREQ 0% GR3D_FREQ 99% PLL@33.5C CPU@38.5C PMIC@50C GPU@34C AO@49C thermal@36C
RAM 2432/3964MB (lfb 112x4MB) SWAP 70/6078MB (cached 1MB) CPU [20%@1224,7%@1224,5%@1224,4%@1224] EMC_FREQ 0% GR3D_FREQ 99% PLL@33.5C CPU@38C PMIC@50C GPU@34.5C AO@49.5C thermal@36C
RAM 2433/3964MB (lfb 112x4MB) SWAP 70/6078MB (cached 1MB) CPU [29%@1479,4%@1479,5%@1479,3%@1479] EMC_FREQ 0% GR3D_FREQ 99% PLL@33.5C CPU@38.5C PMIC@50C GPU@34.5C AO@49C thermal@36.5C
RAM 2433/3964MB (lfb 112x4MB) SWAP 70/6078MB (cached 1MB) CPU [8%@1224,3%@1224,4%@1224,19%@1224] EMC_FREQ 0% GR3D_FREQ 99% PLL@34C CPU@38C PMIC@50C GPU@34.5C AO@49.5C thermal@36.5C
RAM 2433/3964MB (lfb 112x4MB) SWAP 70/6078MB (cached 1MB) CPU [20%@1479,3%@1479,5%@1479,9%@1479] EMC_FREQ 0% GR3D_FREQ 99% PLL@34C CPU@38.5C PMIC@50C GPU@34.5C AO@49.5C thermal@36.5C
RAM 2433/3964MB (lfb 112x4MB) SWAP 70/6078MB (cached 1MB) CPU [17%@1224,5%@1224,5%@1224,9%@1224] EMC_FREQ 0% GR3D_FREQ 99% PLL@34C CPU@38.5C PMIC@50C GPU@34.5C AO@49.5C thermal@36.25C
RAM 2433/3964MB (lfb 112x4MB) SWAP 70/6078MB (cached 1MB) CPU [4%@1224,24%@1224,3%@1224,4%@1224] EMC_FREQ 0% GR3D_FREQ 99% PLL@34C CPU@38.5C PMIC@50C GPU@34.5C AO@49.5C thermal@36.5C
RAM 2432/3964MB (lfb 112x4MB) SWAP 70/6078MB (cached 1MB) CPU [3%@1479,19%@1479,5%@1479,10%@1479] EMC_FREQ 0% GR3D_FREQ 99% PLL@34C CPU@38.5C PMIC@50C GPU@34.5C AO@49.5C thermal@37C
RAM 2433/3964MB (lfb 112x4MB) SWAP 70/6078MB (cached 1MB) CPU [6%@1479,24%@1479,2%@1479,5%@1479] EMC_FREQ 0% GR3D_FREQ 99% PLL@34C CPU@39C PMIC@50C GPU@34.5C AO@49.5C thermal@37C
RAM 2433/3964MB (lfb 112x4MB) SWAP 70/6078MB (cached 1MB) CPU [5%@1479,25%@1479,6%@1479,4%@1479] EMC_FREQ 0% GR3D_FREQ 99% PLL@34C CPU@38.5C PMIC@50C GPU@35C AO@49.5C thermal@36.5C
RAM 2433/3964MB (lfb 112x4MB) SWAP 70/6078MB (cached 1MB) CPU [24%@1479,2%@1479,3%@1479,4%@1479] EMC_FREQ 0% GR3D_FREQ 99% PLL@34C CPU@39C PMIC@50C GPU@35C AO@50C thermal@36.75C
RAM 2433/3964MB (lfb 112x4MB) SWAP 70/6078MB (cached 1MB) CPU [20%@1224,2%@1224,15%@1224,3%@1224] EMC_FREQ 0% GR3D_FREQ 99% PLL@34C CPU@39C PMIC@50C GPU@35C AO@49.5C thermal@37C
RAM 2433/3964MB (lfb 112x4MB) SWAP 70/6078MB (cached 1MB) CPU [9%@1224,2%@1224,18%@1224,5%@1224] EMC_FREQ 0% GR3D_FREQ 99% PLL@34.5C CPU@38.5C PMIC@50C GPU@35C AO@50C thermal@37C
RAM 2433/3964MB (lfb 112x4MB) SWAP 70/6078MB (cached 1MB) CPU [15%@1224,12%@1224,5%@1224,6%@1224] EMC_FREQ 0% GR3D_FREQ 99% PLL@34.5C CPU@39C PMIC@50C GPU@35C AO@50C thermal@37C
RAM 2433/3964MB (lfb 112x4MB) SWAP 70/6078MB (cached 1MB) CPU [9%@1224,10%@1224,13%@1224,4%@1224] EMC_FREQ 0% GR3D_FREQ 99% PLL@34.5C CPU@39C PMIC@50C GPU@35C AO@51C thermal@37C
RAM 2433/3964MB (lfb 112x4MB) SWAP 70/6078MB (cached 1MB) CPU [12%@1224,4%@1224,4%@1224,16%@1224] EMC_FREQ 0% GR3D_FREQ 99% PLL@34.5C CPU@39C PMIC@50C GPU@35C AO@50.5C thermal@37C
RAM 2433/3964MB (lfb 112x4MB) SWAP 70/6078MB (cached 1MB) CPU [12%@1224,12%@1224,3%@1224,12%@1224] EMC_FREQ 0% GR3D_FREQ 99% PLL@34.5C CPU@39.5C PMIC@50C GPU@35C AO@50.5C thermal@37C
RAM 2432/3964MB (lfb 112x4MB) SWAP 70/6078MB (cached 1MB) CPU [20%@1224,6%@1224,2%@1224,8%@1224] EMC_FREQ 0% GR3D_FREQ 99% PLL@35C CPU@39.5C PMIC@50C GPU@35.5C AO@51C thermal@37.5C
RAM 2433/3964MB (lfb 112x4MB) SWAP 70/6078MB (cached 1MB) CPU [6%@1224,19%@1224,7%@1224,10%@1224] EMC_FREQ 0% GR3D_FREQ 99% PLL@34.5C CPU@39.5C PMIC@50C GPU@35.5C AO@50.5C thermal@37.5C
RAM 2433/3964MB (lfb 112x4MB) SWAP 70/6078MB (cached 1MB) CPU [4%@1224,11%@1224,5%@1224,19%@1224] EMC_FREQ 0% GR3D_FREQ 99% PLL@35C CPU@39.5C PMIC@50C GPU@35.5C AO@51C thermal@37.5C
RAM 2433/3964MB (lfb 112x4MB) SWAP 70/6078MB (cached 1MB) CPU [5%@1224,5%@1224,11%@1224,13%@1224] EMC_FREQ 0% GR3D_FREQ 99% PLL@35C CPU@39.5C PMIC@50C GPU@35.5C AO@51C thermal@37.5C
RAM 2433/3964MB (lfb 112x4MB) SWAP 70/6078MB (cached 1MB) CPU [3%@1224,10%@1224,15%@1224,7%@1224] EMC_FREQ 0% GR3D_FREQ 99% PLL@35C CPU@39.5C PMIC@50C GPU@36C AO@51C thermal@37.5C
RAM 2433/3964MB (lfb 112x4MB) SWAP 70/6078MB (cached 1MB) CPU [2%@1224,10%@1224,4%@1224,17%@1224] EMC_FREQ 0% GR3D_FREQ 99% PLL@35C CPU@40C PMIC@50C GPU@35.5C AO@51C thermal@37.5C
RAM 2433/3964MB (lfb 112x4MB) SWAP 70/6078MB (cached 1MB) CPU [3%@1224,14%@1224,4%@1224,15%@1224] EMC_FREQ 0% GR3D_FREQ 99% PLL@35.5C CPU@39.5C PMIC@50C GPU@36C AO@51.5C thermal@37.5C
RAM 2433/3964MB (lfb 112x4MB) SWAP 70/6078MB (cached 1MB) CPU [6%@1224,13%@1224,13%@1224,12%@1224] EMC_FREQ 0% GR3D_FREQ 99% PLL@35.5C CPU@40C PMIC@50C GPU@36C AO@51.5C thermal@37.75C
RAM 2433/3964MB (lfb 112x4MB) SWAP 70/6078MB (cached 1MB) CPU [5%@1224,21%@1224,7%@1224,2%@1224] EMC_FREQ 0% GR3D_FREQ 99% PLL@35.5C CPU@40C PMIC@50C GPU@36C AO@51.5C thermal@37.75C
RAM 2433/3964MB (lfb 112x4MB) SWAP 70/6078MB (cached 1MB) CPU [6%@1224,25%@1224,5%@1224,4%@1224] EMC_FREQ 0% GR3D_FREQ 99% PLL@35C CPU@40C PMIC@50C GPU@36.5C AO@51C thermal@38C
RAM 2433/3964MB (lfb 112x4MB) SWAP 70/6078MB (cached 1MB) CPU [2%@1224,8%@1224,5%@1224,17%@1224] EMC_FREQ 0% GR3D_FREQ 99% PLL@35.5C CPU@40C PMIC@50C GPU@36.5C AO@51C thermal@38C
RAM 2433/3964MB (lfb 112x4MB) SWAP 70/6078MB (cached 1MB) CPU [6%@1479,24%@1479,5%@1479,6%@1479] EMC_FREQ 0% GR3D_FREQ 99% PLL@35.5C CPU@40C PMIC@50C GPU@36C AO@51C thermal@38C
RAM 2433/3964MB (lfb 112x4MB) SWAP 70/6078MB (cached 1MB) CPU [7%@1479,24%@1479,5%@1479,5%@1479] EMC_FREQ 0% GR3D_FREQ 99% PLL@35.5C CPU@40C PMIC@50C GPU@36.5C AO@51C thermal@38.25C
RAM 2433/3964MB (lfb 112x4MB) SWAP 70/6078MB (cached 1MB) CPU [5%@1479,19%@1479,5%@1479,9%@1479] EMC_FREQ 0% GR3D_FREQ 99% PLL@36C CPU@40C PMIC@50C GPU@36.5C AO@51.5C thermal@38.25C
RAM 2433/3964MB (lfb 112x4MB) SWAP 70/6078MB (cached 1MB) CPU [4%@1479,13%@1479,12%@1479,14%@1479] EMC_FREQ 0% GR3D_FREQ 99% PLL@35.5C CPU@40.5C PMIC@50C GPU@36.5C AO@51.5C thermal@38.5C
RAM 2433/3964MB (lfb 112x4MB) SWAP 70/6078MB (cached 1MB) CPU [3%@1224,7%@1224,14%@1224,10%@1224] EMC_FREQ 0% GR3D_FREQ 99% PLL@36C CPU@40.5C PMIC@50C GPU@36.5C AO@51.5C thermal@38.5C
RAM 2433/3964MB (lfb 112x4MB) SWAP 70/6078MB (cached 1MB) CPU [6%@1479,23%@1479,4%@1479,6%@1479] EMC_FREQ 0% GR3D_FREQ 99% PLL@36C CPU@40.5C PMIC@50C GPU@37C AO@52C thermal@38.75C
RAM 2433/3964MB (lfb 112x4MB) SWAP 70/6078MB (cached 1MB) CPU [9%@1224,26%@1224,8%@1224,7%@1224] EMC_FREQ 0% GR3D_FREQ 99% PLL@36C CPU@41C PMIC@50C GPU@36.5C AO@52C thermal@39C
RAM 2433/3964MB (lfb 112x4MB) SWAP 70/6078MB (cached 1MB) CPU [7%@1224,19%@1224,4%@1224,7%@1224] EMC_FREQ 0% GR3D_FREQ 99% PLL@36C CPU@40.5C PMIC@50C GPU@37C AO@52C thermal@39C
RAM 2433/3964MB (lfb 112x4MB) SWAP 70/6078MB (cached 1MB) CPU [7%@1224,13%@1224,4%@1224,17%@1224] EMC_FREQ 0% GR3D_FREQ 99% PLL@36C CPU@41C PMIC@50C GPU@37C AO@52.5C thermal@39C
RAM 2433/3964MB (lfb 112x4MB) SWAP 70/6078MB (cached 1MB) CPU [2%@1224,18%@1224,4%@1224,14%@1224] EMC_FREQ 0% GR3D_FREQ 99% PLL@36.5C CPU@40.5C PMIC@50C GPU@36.5C AO@52C thermal@39C
RAM 2433/3964MB (lfb 112x4MB) SWAP 70/6078MB (cached 1MB) CPU [5%@1224,12%@1224,18%@1224,3%@1224] EMC_FREQ 0% GR3D_FREQ 99% PLL@36C CPU@41C PMIC@50C GPU@37C AO@52.5C thermal@39.25C
RAM 2433/3964MB (lfb 112x4MB) SWAP 70/6078MB (cached 1MB) CPU [6%@1224,20%@1224,1%@1224,8%@1224] EMC_FREQ 0% GR3D_FREQ 99% PLL@36.5C CPU@41C PMIC@50C GPU@37C AO@52.5C thermal@39C
RAM 2433/3964MB (lfb 112x4MB) SWAP 70/6078MB (cached 1MB) CPU [3%@1224,16%@1224,4%@1224,12%@1224] EMC_FREQ 0% GR3D_FREQ 99% PLL@36.5C CPU@41C PMIC@50C GPU@37C AO@52.5C thermal@39C
RAM 2433/3964MB (lfb 112x4MB) SWAP 70/6078MB (cached 1MB) CPU [6%@1224,7%@1224,8%@1224,11%@1224] EMC_FREQ 0% GR3D_FREQ 99% PLL@36.5C CPU@41.5C PMIC@50C GPU@37.5C AO@52.5C thermal@39C
RAM 2433/3964MB (lfb 112x4MB) SWAP 70/6078MB (cached 1MB) CPU [27%@1224,6%@1224,6%@1224,5%@1224] EMC_FREQ 0% GR3D_FREQ 99% PLL@37C CPU@41.5C PMIC@50C GPU@37.5C AO@53C thermal@39.5C
RAM 2433/3964MB (lfb 112x4MB) SWAP 70/6078MB (cached 1MB) CPU [24%@1224,2%@1224,5%@1224,4%@1224] EMC_FREQ 0% GR3D_FREQ 99% PLL@37C CPU@41.5C PMIC@50C GPU@37C AO@53C thermal@39.25C
RAM 2433/3964MB (lfb 112x4MB) SWAP 70/6078MB (cached 1MB) CPU [27%@1224,4%@1224,4%@1224,4%@1224] EMC_FREQ 0% GR3D_FREQ 99% PLL@37C CPU@41.5C PMIC@50C GPU@37.5C AO@53C thermal@39.5C
RAM 2433/3964MB (lfb 112x4MB) SWAP 70/6078MB (cached 1MB) CPU [29%@1224,3%@1224,5%@1224,2%@1224] EMC_FREQ 0% GR3D_FREQ 99% PLL@37C CPU@41.5C PMIC@50C GPU@37.5C AO@53C thermal@39.5C
RAM 2433/3964MB (lfb 112x4MB) SWAP 70/6078MB (cached 1MB) CPU [10%@1224,6%@1224,15%@1224,5%@1224] EMC_FREQ 0% GR3D_FREQ 99% PLL@37C CPU@41.5C PMIC@50C GPU@38C AO@52.5C thermal@39.5C
RAM 2433/3964MB (lfb 111x4MB) SWAP 70/6078MB (cached 1MB) CPU [10%@1224,6%@1224,12%@1224,6%@1224] EMC_FREQ 0% GR3D_FREQ 99% PLL@37C CPU@41.5C PMIC@50C GPU@38C AO@53C thermal@39.5C
RAM 2433/3964MB (lfb 111x4MB) SWAP 70/6078MB (cached 1MB) CPU [14%@1224,10%@1224,15%@1224,4%@1224] EMC_FREQ 0% GR3D_FREQ 99% PLL@37C CPU@41.5C PMIC@50C GPU@38C AO@53.5C thermal@40C
RAM 2433/3964MB (lfb 111x4MB) SWAP 70/6078MB (cached 1MB) CPU [19%@1224,4%@1224,10%@1224,4%@1224] EMC_FREQ 0% GR3D_FREQ 99% PLL@37C CPU@41.5C PMIC@50C GPU@38C AO@53.5C thermal@39.5C
RAM 2433/3964MB (lfb 111x4MB) SWAP 70/6078MB (cached 1MB) CPU [8%@1224,6%@1224,11%@1224,7%@1224] EMC_FREQ 0% GR3D_FREQ 99% PLL@37C CPU@41.5C PMIC@50C GPU@38C AO@53C thermal@39.75C
RAM 2432/3964MB (lfb 111x4MB) SWAP 70/6078MB (cached 1MB) CPU [13%@1479,4%@1479,9%@1479,13%@1479] EMC_FREQ 0% GR3D_FREQ 99% PLL@37.5C CPU@42C PMIC@50C GPU@38C AO@53C thermal@39.75C
RAM 2432/3964MB (lfb 111x4MB) SWAP 70/6078MB (cached 1MB) CPU [18%@1479,10%@1479,4%@1479,3%@1479] EMC_FREQ 0% GR3D_FREQ 99% PLL@37C CPU@42.5C PMIC@50C GPU@38C AO@54C thermal@40C
RAM 2432/3964MB (lfb 111x4MB) SWAP 70/6078MB (cached 1MB) CPU [18%@1479,8%@1479,9%@1479,3%@1479] EMC_FREQ 0% GR3D_FREQ 99% PLL@37C CPU@42C PMIC@50C GPU@38C AO@53.5C thermal@40.25C
RAM 2433/3964MB (lfb 111x4MB) SWAP 70/6078MB (cached 1MB) CPU [14%@1479,1%@1479,13%@1479,9%@1479] EMC_FREQ 0% GR3D_FREQ 99% PLL@37.5C CPU@42.5C PMIC@50C GPU@38.5C AO@54C thermal@40C
RAM 2433/3964MB (lfb 111x4MB) SWAP 70/6078MB (cached 1MB) CPU [10%@1479,7%@1479,13%@1479,7%@1479] EMC_FREQ 0% GR3D_FREQ 99% PLL@37.5C CPU@42.5C PMIC@50C GPU@38.5C AO@53.5C thermal@40.25C
RAM 2435/3964MB (lfb 111x4MB) SWAP 70/6078MB (cached 1MB) CPU [24%@1224,9%@1224,14%@1224,14%@1224] EMC_FREQ 0% GR3D_FREQ 99% PLL@38C CPU@42.5C PMIC@50C GPU@38.5C AO@54C thermal@40C
RAM 2436/3964MB (lfb 111x4MB) SWAP 70/6078MB (cached 1MB) CPU [26%@1224,16%@1224,19%@1224,29%@1224] EMC_FREQ 0% GR3D_FREQ 99% PLL@38.5C CPU@43C PMIC@50C GPU@38.5C AO@54C thermal@40.75C
RAM 2435/3964MB (lfb 111x4MB) SWAP 70/6078MB (cached 1MB) CPU [20%@1224,11%@1224,10%@1224,25%@1224] EMC_FREQ 0% GR3D_FREQ 99% PLL@38C CPU@42.5C PMIC@50C GPU@38.5C AO@54C thermal@40.5C
RAM 2435/3964MB (lfb 111x4MB) SWAP 70/6078MB (cached 1MB) CPU [14%@1224,11%@1224,6%@1224,5%@1224] EMC_FREQ 0% GR3D_FREQ 99% PLL@38C CPU@42.5C PMIC@50C GPU@39C AO@54C thermal@40.5C
RAM 2435/3964MB (lfb 111x4MB) SWAP 70/6078MB (cached 1MB) CPU [15%@1224,12%@1224,3%@1224,7%@1224] EMC_FREQ 0% GR3D_FREQ 99% PLL@38.5C CPU@43C PMIC@50C GPU@38.5C AO@54C thermal@40.5C
RAM 2435/3964MB (lfb 111x4MB) SWAP 70/6078MB (cached 1MB) CPU [9%@1224,12%@1224,3%@1224,11%@1224] EMC_FREQ 0% GR3D_FREQ 99% PLL@38C CPU@43C PMIC@50C GPU@38.5C AO@54.5C thermal@40.75C
RAM 2435/3964MB (lfb 111x4MB) SWAP 70/6078MB (cached 1MB) CPU [26%@1224,3%@1224,2%@1224,3%@1224] EMC_FREQ 0% GR3D_FREQ 99% PLL@38C CPU@43C PMIC@50C GPU@39C AO@54.5C thermal@40.75C
RAM 2435/3964MB (lfb 111x4MB) SWAP 70/6078MB (cached 1MB) CPU [21%@1479,7%@1479,4%@1479,7%@1479] EMC_FREQ 0% GR3D_FREQ 99% PLL@38.5C CPU@43C PMIC@50C GPU@39C AO@54.5C thermal@41C
RAM 2435/3964MB (lfb 111x4MB) SWAP 70/6078MB (cached 1MB) CPU [14%@1224,10%@1224,3%@1224,8%@1224] EMC_FREQ 0% GR3D_FREQ 99% PLL@38.5C CPU@43C PMIC@50C GPU@39C AO@55C thermal@41.25C
RAM 2435/3964MB (lfb 111x4MB) SWAP 70/6078MB (cached 1MB) CPU [26%@1224,4%@1224,5%@1224,2%@1224] EMC_FREQ 0% GR3D_FREQ 99% PLL@39C CPU@43.5C PMIC@50C GPU@39.5C AO@54.5C thermal@41.25C
RAM 2433/3964MB (lfb 111x4MB) SWAP 70/6078MB (cached 1MB) CPU [22%@1224,10%@1224,4%@1224,4%@1224] EMC_FREQ 0% GR3D_FREQ 99% PLL@38.5C CPU@44C PMIC@50C GPU@39.5C AO@55C thermal@41.5C
RAM 2433/3964MB (lfb 111x4MB) SWAP 70/6078MB (cached 1MB) CPU [9%@1224,13%@1224,4%@1224,9%@1224] EMC_FREQ 0% GR3D_FREQ 99% PLL@38.5C CPU@43.5C PMIC@50C GPU@39.5C AO@55C thermal@41.5C
RAM 2433/3964MB (lfb 111x4MB) SWAP 70/6078MB (cached 1MB) CPU [18%@1224,11%@1224,8%@1224,2%@1224] EMC_FREQ 0% GR3D_FREQ 99% PLL@39C CPU@43.5C PMIC@50C GPU@39.5C AO@55C thermal@41.5C
RAM 2433/3964MB (lfb 111x4MB) SWAP 70/6078MB (cached 1MB) CPU [13%@1479,11%@1479,4%@1479,7%@1479] EMC_FREQ 0% GR3D_FREQ 99% PLL@39C CPU@43.5C PMIC@50C GPU@39.5C AO@55.5C thermal@41.5C
RAM 2433/3964MB (lfb 111x4MB) SWAP 70/6078MB (cached 1MB) CPU [20%@1224,2%@1224,5%@1224,7%@1224] EMC_FREQ 0% GR3D_FREQ 99% PLL@39C CPU@43.5C PMIC@50C GPU@40C AO@55C thermal@41.5C
RAM 2433/3964MB (lfb 111x4MB) SWAP 70/6078MB (cached 1MB) CPU [20%@1224,6%@1224,5%@1224,12%@1224] EMC_FREQ 0% GR3D_FREQ 99% PLL@39C CPU@43.5C PMIC@50C GPU@40C AO@55C thermal@41.5C
RAM 2433/3964MB (lfb 111x4MB) SWAP 70/6078MB (cached 1MB) CPU [14%@1224,3%@1224,2%@1224,15%@1224] EMC_FREQ 0% GR3D_FREQ 99% PLL@39C CPU@44C PMIC@50C GPU@40C AO@55.5C thermal@41.5C
RAM 2433/3964MB (lfb 111x4MB) SWAP 70/6078MB (cached 1MB) CPU [22%@1224,5%@1224,5%@1224,4%@1224] EMC_FREQ 0% GR3D_FREQ 99% PLL@39C CPU@43.5C PMIC@50C GPU@40C AO@55.5C thermal@41.75C
RAM 2433/3964MB (lfb 111x4MB) SWAP 70/6078MB (cached 1MB) CPU [24%@1224,7%@1224,3%@1224,3%@1224] EMC_FREQ 0% GR3D_FREQ 99% PLL@39.5C CPU@43.5C PMIC@50C GPU@40C AO@55C thermal@42C
RAM 2433/3964MB (lfb 111x4MB) SWAP 70/6078MB (cached 1MB) CPU [24%@1224,3%@1224,8%@1224,5%@1224] EMC_FREQ 0% GR3D_FREQ 99% PLL@39.5C CPU@44C PMIC@50C GPU@40C AO@55C thermal@42C
RAM 2433/3964MB (lfb 111x4MB) SWAP 70/6078MB (cached 1MB) CPU [14%@1224,7%@1224,7%@1224,8%@1224] EMC_FREQ 0% GR3D_FREQ 99% PLL@39.5C CPU@44C PMIC@50C GPU@40C AO@55C thermal@42C
RAM 2433/3964MB (lfb 111x4MB) SWAP 70/6078MB (cached 1MB) CPU [18%@1479,4%@1479,3%@1479,12%@1479] EMC_FREQ 0% GR3D_FREQ 99% PLL@39.5C CPU@44C PMIC@50C GPU@40C AO@55C thermal@42C
RAM 2433/3964MB (lfb 111x4MB) SWAP 70/6078MB (cached 1MB) CPU [13%@1224,4%@1224,9%@1224,14%@1224] EMC_FREQ 0% GR3D_FREQ 99% PLL@39.5C CPU@44C PMIC@50C GPU@40C AO@55C thermal@42.25C
RAM 2433/3964MB (lfb 111x4MB) SWAP 70/6078MB (cached 1MB) CPU [19%@1479,4%@1479,7%@1479,7%@1479] EMC_FREQ 0% GR3D_FREQ 99% PLL@40C CPU@44C PMIC@50C GPU@40.5C AO@55.5C thermal@42.25C
RAM 2433/3964MB (lfb 111x4MB) SWAP 70/6078MB (cached 1MB) CPU [12%@1479,3%@1479,10%@1479,6%@1479] EMC_FREQ 0% GR3D_FREQ 99% PLL@39.5C CPU@44.5C PMIC@50C GPU@40.5C AO@55C thermal@42.5C
RAM 2433/3964MB (lfb 111x4MB) SWAP 70/6078MB (cached 1MB) CPU [25%@1479,5%@1479,3%@1479,5%@1479] EMC_FREQ 0% GR3D_FREQ 99% PLL@39.5C CPU@44.5C PMIC@50C GPU@40.5C AO@55C thermal@42.5C
RAM 2433/3964MB (lfb 111x4MB) SWAP 70/6078MB (cached 1MB) CPU [14%@1224,5%@1224,7%@1224,7%@1224] EMC_FREQ 0% GR3D_FREQ 99% PLL@39.5C CPU@44.5C PMIC@50C GPU@40.5C AO@55.5C thermal@42.5C
RAM 2433/3964MB (lfb 111x4MB) SWAP 70/6078MB (cached 1MB) CPU [13%@1224,16%@1224,8%@1224,5%@1224] EMC_FREQ 0% GR3D_FREQ 99% PLL@40C CPU@44.5C PMIC@50C GPU@40.5C AO@55.5C thermal@42.5C
RAM 2433/3964MB (lfb 111x4MB) SWAP 70/6078MB (cached 1MB) CPU [11%@1224,3%@1224,19%@1224,4%@1224] EMC_FREQ 0% GR3D_FREQ 99% PLL@40C CPU@44.5C PMIC@50C GPU@40.5C AO@55.5C thermal@42.25C
RAM 2433/3964MB (lfb 111x4MB) SWAP 70/6078MB (cached 1MB) CPU [19%@1479,10%@1479,2%@1479,3%@1479] EMC_FREQ 0% GR3D_FREQ 99% PLL@40C CPU@44.5C PMIC@50C GPU@41C AO@56C thermal@42.5C
RAM 2433/3964MB (lfb 111x4MB) SWAP 70/6078MB (cached 1MB) CPU [4%@1224,22%@1224,4%@1224,8%@1224] EMC_FREQ 0% GR3D_FREQ 99% PLL@40.5C CPU@45C PMIC@50C GPU@41C AO@56C thermal@42.75C
RAM 2433/3964MB (lfb 111x4MB) SWAP 70/6078MB (cached 1MB) CPU [2%@1224,23%@1224,4%@1224,2%@1224] EMC_FREQ 0% GR3D_FREQ 99% PLL@40.5C CPU@45C PMIC@50C GPU@41C AO@56.5C thermal@42.75C
RAM 2433/3964MB (lfb 111x4MB) SWAP 70/6078MB (cached 1MB) CPU [5%@1224,20%@1224,14%@1224,5%@1224] EMC_FREQ 0% GR3D_FREQ 99% PLL@40.5C CPU@45C PMIC@50C GPU@41C AO@56.5C thermal@43C
RAM 2433/3964MB (lfb 111x4MB) SWAP 70/6078MB (cached 1MB) CPU [6%@1224,8%@1224,18%@1224,3%@1224] EMC_FREQ 0% GR3D_FREQ 99% PLL@40C CPU@45C PMIC@50C GPU@41C AO@56.5C thermal@43C
RAM 2433/3964MB (lfb 111x4MB) SWAP 70/6078MB (cached 1MB) CPU [27%@1479,2%@1479,6%@1479,4%@1479] EMC_FREQ 0% GR3D_FREQ 99% PLL@40.5C CPU@45C PMIC@50C GPU@41C AO@56.5C thermal@43C
RAM 2433/3964MB (lfb 111x4MB) SWAP 70/6078MB (cached 1MB) CPU [21%@1224,7%@1224,1%@1224,4%@1224] EMC_FREQ 0% GR3D_FREQ 99% PLL@40.5C CPU@45C PMIC@50C GPU@41C AO@56.5C thermal@43C
RAM 2433/3964MB (lfb 111x4MB) SWAP 70/6078MB (cached 1MB) CPU [29%@1224,2%@1224,3%@1224,3%@1224] EMC_FREQ 0% GR3D_FREQ 99% PLL@40.5C CPU@45.5C PMIC@50C GPU@41C AO@56.5C thermal@43.25C
RAM 2433/3964MB (lfb 111x4MB) SWAP 70/6078MB (cached 1MB) CPU [25%@1224,2%@1224,6%@1224,3%@1224] EMC_FREQ 0% GR3D_FREQ 99% PLL@40.5C CPU@45.5C PMIC@50C GPU@41C AO@57C thermal@43.25C
RAM 2433/3964MB (lfb 111x4MB) SWAP 70/6078MB (cached 1MB) CPU [24%@1224,5%@1224,2%@1224,6%@1224] EMC_FREQ 0% GR3D_FREQ 99% PLL@40.5C CPU@45C PMIC@50C GPU@41.5C AO@57C thermal@43.25C
RAM 2433/3964MB (lfb 111x4MB) SWAP 70/6078MB (cached 1MB) CPU [15%@1224,9%@1224,7%@1224,7%@1224] EMC_FREQ 0% GR3D_FREQ 99% PLL@41C CPU@45.5C PMIC@50C GPU@41.5C AO@57.5C thermal@43.25C
RAM 2433/3964MB (lfb 111x4MB) SWAP 70/6078MB (cached 1MB) CPU [18%@1224,5%@1224,7%@1224,9%@1224] EMC_FREQ 0% GR3D_FREQ 99% PLL@40.5C CPU@45.5C PMIC@50C GPU@41.5C AO@57.5C thermal@43.5C
RAM 2433/3964MB (lfb 111x4MB) SWAP 70/6078MB (cached 1MB) CPU [25%@1479,3%@1479,6%@1479,5%@1479] EMC_FREQ 0% GR3D_FREQ 99% PLL@40.5C CPU@45.5C PMIC@50C GPU@41.5C AO@57C thermal@43.5C
RAM 2433/3964MB (lfb 111x4MB) SWAP 70/6078MB (cached 1MB) CPU [19%@1479,7%@1479,5%@1479,6%@1479] EMC_FREQ 0% GR3D_FREQ 99% PLL@40.5C CPU@45.5C PMIC@50C GPU@41.5C AO@57.5C thermal@43.5C
RAM 2433/3964MB (lfb 111x4MB) SWAP 70/6078MB (cached 1MB) CPU [19%@1224,3%@1224,12%@1224,5%@1224] EMC_FREQ 0% GR3D_FREQ 99% PLL@41C CPU@45.5C PMIC@50C GPU@42C AO@57C thermal@43.75C
RAM 2433/3964MB (lfb 111x4MB) SWAP 70/6078MB (cached 1MB) CPU [23%@1224,5%@1224,6%@1224,6%@1224] EMC_FREQ 0% GR3D_FREQ 99% PLL@40.5C CPU@45.5C PMIC@50C GPU@42C AO@57.5C thermal@43.75C
RAM 2433/3964MB (lfb 111x4MB) SWAP 70/6078MB (cached 1MB) CPU [23%@1224,4%@1224,6%@1224,6%@1224] EMC_FREQ 0% GR3D_FREQ 99% PLL@41C CPU@45.5C PMIC@50C GPU@42C AO@57.5C thermal@43.75C
RAM 2434/3964MB (lfb 111x4MB) SWAP 70/6078MB (cached 1MB) CPU [20%@1224,5%@1224,4%@1224,3%@1224] EMC_FREQ 0% GR3D_FREQ 99% PLL@41C CPU@46C PMIC@50C GPU@42C AO@57.5C thermal@44C
RAM 2434/3964MB (lfb 111x4MB) SWAP 70/6078MB (cached 1MB) CPU [17%@1224,7%@1224,8%@1224,7%@1224] EMC_FREQ 0% GR3D_FREQ 99% PLL@41C CPU@46C PMIC@50C GPU@42C AO@57.5C thermal@44C
RAM 2433/3964MB (lfb 111x4MB) SWAP 70/6078MB (cached 1MB) CPU [20%@1224,9%@1224,4%@1224,3%@1224] EMC_FREQ 0% GR3D_FREQ 99% PLL@41C CPU@46C PMIC@50C GPU@42C AO@57.5C thermal@43.75C
RAM 2433/3964MB (lfb 111x4MB) SWAP 70/6078MB (cached 1MB) CPU [26%@1224,4%@1224,2%@1224,5%@1224] EMC_FREQ 0% GR3D_FREQ 99% PLL@41C CPU@46C PMIC@50C GPU@42C AO@57C thermal@44C
RAM 2434/3964MB (lfb 111x4MB) SWAP 70/6078MB (cached 1MB) CPU [23%@1479,3%@1479,5%@1479,8%@1479] EMC_FREQ 0% GR3D_FREQ 99% PLL@41.5C CPU@46C PMIC@50C GPU@42.5C AO@56.5C thermal@44C
RAM 2433/3964MB (lfb 111x4MB) SWAP 70/6078MB (cached 1MB) CPU [18%@1326,3%@1326,4%@1326,10%@1326] EMC_FREQ 0% GR3D_FREQ 99% PLL@41.5C CPU@46C PMIC@50C GPU@42C AO@57C thermal@44C
RAM 2433/3964MB (lfb 111x4MB) SWAP 70/6078MB (cached 1MB) CPU [20%@1479,5%@1479,4%@1479,13%@1479] EMC_FREQ 0% GR3D_FREQ 99% PLL@41.5C CPU@46C PMIC@50C GPU@42.5C AO@57.5C thermal@44C
RAM 2433/3964MB (lfb 111x4MB) SWAP 70/6078MB (cached 1MB) CPU [22%@1479,7%@1479,3%@1479,3%@1479] EMC_FREQ 0% GR3D_FREQ 99% PLL@41.5C CPU@46.5C PMIC@50C GPU@42.5C AO@57.5C thermal@44C
RAM 2433/3964MB (lfb 111x4MB) SWAP 70/6078MB (cached 1MB) CPU [14%@1479,13%@1479,5%@1479,9%@1479] EMC_FREQ 0% GR3D_FREQ 99% PLL@41.5C CPU@46.5C PMIC@50C GPU@42C AO@57.5C thermal@44.25C
RAM 2433/3964MB (lfb 111x4MB) SWAP 70/6078MB (cached 1MB) CPU [16%@1479,3%@1479,7%@1479,10%@1479] EMC_FREQ 0% GR3D_FREQ 99% PLL@41C CPU@46C PMIC@50C GPU@42.5C AO@57.5C thermal@44.5C
RAM 2433/3964MB (lfb 111x4MB) SWAP 70/6078MB (cached 1MB) CPU [23%@1479,8%@1479,5%@1479,6%@1479] EMC_FREQ 0% GR3D_FREQ 99% PLL@41.5C CPU@46.5C PMIC@50C GPU@42.5C AO@57.5C thermal@44.5C
RAM 2433/3964MB (lfb 111x4MB) SWAP 70/6078MB (cached 1MB) CPU [15%@1224,7%@1224,11%@1224,6%@1224] EMC_FREQ 0% GR3D_FREQ 99% PLL@41.5C CPU@46C PMIC@50C GPU@42.5C AO@57.5C thermal@44.5C
RAM 2433/3964MB (lfb 111x4MB) SWAP 70/6078MB (cached 1MB) CPU [10%@1224,4%@1224,6%@1224,21%@1224] EMC_FREQ 0% GR3D_FREQ 99% PLL@41.5C CPU@46.5C PMIC@50C GPU@43C AO@57.5C thermal@44.5C
RAM 2433/3964MB (lfb 111x4MB) SWAP 70/6078MB (cached 1MB) CPU [24%@1479,3%@1479,1%@1479,5%@1479] EMC_FREQ 0% GR3D_FREQ 99% PLL@42C CPU@46.5C PMIC@50C GPU@42.5C AO@58.5C thermal@44.5C
RAM 2433/3964MB (lfb 111x4MB) SWAP 70/6078MB (cached 1MB) CPU [16%@1479,4%@1479,10%@1479,4%@1479] EMC_FREQ 0% GR3D_FREQ 99% PLL@42C CPU@47C PMIC@50C GPU@42.5C AO@58C thermal@44.75C
RAM 2433/3964MB (lfb 111x4MB) SWAP 70/6078MB (cached 1MB) CPU [23%@1479,6%@1479,6%@1479,4%@1479] EMC_FREQ 0% GR3D_FREQ 99% PLL@42C CPU@46.5C PMIC@50C GPU@42.5C AO@58.5C thermal@44.75C
RAM 2433/3964MB (lfb 111x4MB) SWAP 70/6078MB (cached 1MB) CPU [23%@1224,5%@1224,2%@1224,8%@1224] EMC_FREQ 0% GR3D_FREQ 99% PLL@42C CPU@47C PMIC@50C GPU@43C AO@58.5C thermal@44.5C
RAM 2433/3964MB (lfb 111x4MB) SWAP 70/6078MB (cached 1MB) CPU [17%@1224,2%@1224,3%@1224,13%@1224] EMC_FREQ 0% GR3D_FREQ 99% PLL@42.5C CPU@47C PMIC@50C GPU@43C AO@58.5C thermal@44.75C
RAM 2433/3964MB (lfb 111x4MB) SWAP 70/6078MB (cached 1MB) CPU [26%@1224,1%@1224,3%@1224,5%@1224] EMC_FREQ 0% GR3D_FREQ 99% PLL@42C CPU@46.5C PMIC@50C GPU@43C AO@58.5C thermal@45C
RAM 2433/3964MB (lfb 111x4MB) SWAP 70/6078MB (cached 1MB) CPU [23%@1224,7%@1224,4%@1224,2%@1224] EMC_FREQ 0% GR3D_FREQ 99% PLL@42C CPU@47C PMIC@50C GPU@43C AO@58.5C thermal@45C
RAM 2433/3964MB (lfb 111x4MB) SWAP 70/6078MB (cached 1MB) CPU [24%@1224,4%@1224,3%@1224,2%@1224] EMC_FREQ 0% GR3D_FREQ 99% PLL@42.5C CPU@46.5C PMIC@50C GPU@43C AO@58.5C thermal@45C
RAM 2433/3964MB (lfb 111x4MB) SWAP 70/6078MB (cached 1MB) CPU [12%@1224,4%@1224,7%@1224,16%@1224] EMC_FREQ 0% GR3D_FREQ 99% PLL@42.5C CPU@46.5C PMIC@50C GPU@43C AO@58.5C thermal@45C
RAM 2433/3964MB (lfb 111x4MB) SWAP 70/6078MB (cached 1MB) CPU [10%@1224,3%@1224,5%@1224,18%@1224] EMC_FREQ 0% GR3D_FREQ 99% PLL@42.5C CPU@47C PMIC@50C GPU@43.5C AO@59C thermal@45C
RAM 2433/3964MB (lfb 111x4MB) SWAP 70/6078MB (cached 1MB) CPU [18%@1224,13%@1224,6%@1224,5%@1224] EMC_FREQ 0% GR3D_FREQ 99% PLL@42.5C CPU@47C PMIC@50C GPU@43C AO@59C thermal@45.5C
RAM 2433/3964MB (lfb 111x4MB) SWAP 70/6078MB (cached 1MB) CPU [3%@1224,21%@1224,6%@1224,8%@1224] EMC_FREQ 0% GR3D_FREQ 99% PLL@42.5C CPU@47C PMIC@50C GPU@43C AO@58.5C thermal@45.5C
RAM 2433/3964MB (lfb 111x4MB) SWAP 70/6078MB (cached 1MB) CPU [5%@1224,20%@1224,7%@1224,7%@1224] EMC_FREQ 0% GR3D_FREQ 99% PLL@42.5C CPU@47.5C PMIC@50C GPU@43.5C AO@59C thermal@45.5C
RAM 2433/3964MB (lfb 111x4MB) SWAP 70/6078MB (cached 1MB) CPU [5%@1224,17%@1224,8%@1224,11%@1224] EMC_FREQ 0% GR3D_FREQ 99% PLL@43C CPU@47.5C PMIC@50C GPU@43.5C AO@59C thermal@45.5C
RAM 2433/3964MB (lfb 111x4MB) SWAP 70/6078MB (cached 1MB) CPU [6%@1479,23%@1479,3%@1479,3%@1479] EMC_FREQ 0% GR3D_FREQ 99% PLL@43C CPU@47.5C PMIC@50C GPU@43C AO@59C thermal@45.5C
RAM 2433/3964MB (lfb 111x4MB) SWAP 70/6078MB (cached 1MB) CPU [4%@1224,15%@1224,3%@1224,9%@1224] EMC_FREQ 0% GR3D_FREQ 99% PLL@43C CPU@47.5C PMIC@50C GPU@43.5C AO@59C thermal@45.25C
RAM 2433/3964MB (lfb 111x4MB) SWAP 70/6078MB (cached 1MB) CPU [4%@1224,13%@1224,5%@1224,13%@1224] EMC_FREQ 0% GR3D_FREQ 99% PLL@43C CPU@47.5C PMIC@50C GPU@43.5C AO@59.5C thermal@45.5C
RAM 2433/3964MB (lfb 111x4MB) SWAP 70/6078MB (cached 1MB) CPU [5%@1224,8%@1224,7%@1224,17%@1224] EMC_FREQ 0% GR3D_FREQ 99% PLL@42.5C CPU@47.5C PMIC@50C GPU@43.5C AO@59C thermal@45.5C
RAM 2433/3964MB (lfb 111x4MB) SWAP 70/6078MB (cached 1MB) CPU [5%@1224,17%@1224,4%@1224,14%@1224] EMC_FREQ 0% GR3D_FREQ 99% PLL@43C CPU@47.5C PMIC@50C GPU@43.5C AO@59C thermal@45.25C
RAM 2433/3964MB (lfb 111x4MB) SWAP 70/6078MB (cached 1MB) CPU [5%@1224,19%@1224,10%@1224,4%@1224] EMC_FREQ 0% GR3D_FREQ 99% PLL@43C CPU@47.5C PMIC@50C GPU@43.5C AO@59C thermal@45.5C
RAM 2433/3964MB (lfb 111x4MB) SWAP 70/6078MB (cached 1MB) CPU [3%@1224,9%@1224,20%@1224,5%@1224] EMC_FREQ 0% GR3D_FREQ 99% PLL@43C CPU@47.5C PMIC@50C GPU@43.5C AO@59C thermal@45.5C
RAM 2433/3964MB (lfb 111x4MB) SWAP 70/6078MB (cached 1MB) CPU [3%@1224,10%@1224,15%@1224,7%@1224] EMC_FREQ 0% GR3D_FREQ 99% PLL@42.5C CPU@47.5C PMIC@50C GPU@43.5C AO@59C thermal@45.5C
RAM 2433/3964MB (lfb 111x4MB) SWAP 70/6078MB (cached 1MB) CPU [3%@1224,6%@1224,7%@1224,19%@1224] EMC_FREQ 0% GR3D_FREQ 99% PLL@42.5C CPU@47C PMIC@50C GPU@43.5C AO@59C thermal@45.25C
RAM 2433/3964MB (lfb 111x4MB) SWAP 70/6078MB (cached 1MB) CPU [5%@1326,10%@1326,4%@1326,17%@1326] EMC_FREQ 0% GR3D_FREQ 99% PLL@42C CPU@47C PMIC@50C GPU@43C AO@59C thermal@45C
RAM 2433/3964MB (lfb 111x4MB) SWAP 70/6078MB (cached 1MB) CPU [7%@1224,21%@1224,10%@1224,3%@1224] EMC_FREQ 0% GR3D_FREQ 99% PLL@42C CPU@47C PMIC@50C GPU@42.5C AO@58.5C thermal@45C
RAM 2433/3964MB (lfb 111x4MB) SWAP 70/6078MB (cached 1MB) CPU [4%@1224,16%@1224,8%@1224,10%@1224] EMC_FREQ 0% GR3D_FREQ 99% PLL@42.5C CPU@47C PMIC@50C GPU@43C AO@58.5C thermal@44.75C
RAM 2433/3964MB (lfb 111x4MB) SWAP 70/6078MB (cached 1MB) CPU [4%@1224,18%@1224,4%@1224,9%@1224] EMC_FREQ 0% GR3D_FREQ 99% PLL@42C CPU@46.5C PMIC@50C GPU@42.5C AO@58C thermal@44.5C
RAM 2433/3964MB (lfb 111x4MB) SWAP 70/6078MB (cached 1MB) CPU [6%@1224,20%@1224,5%@1224,6%@1224] EMC_FREQ 0% GR3D_FREQ 99% PLL@42C CPU@47C PMIC@50C GPU@42.5C AO@57.5C thermal@44.5C
RAM 2433/3964MB (lfb 111x4MB) SWAP 70/6078MB (cached 1MB) CPU [3%@1224,10%@1224,17%@1224,9%@1224] EMC_FREQ 0% GR3D_FREQ 99% PLL@41.5C CPU@46.5C PMIC@50C GPU@42C AO@57.5C thermal@44.5C
RAM 2433/3964MB (lfb 111x4MB) SWAP 70/6078MB (cached 1MB) CPU [5%@1224,22%@1224,6%@1224,6%@1224] EMC_FREQ 0% GR3D_FREQ 99% PLL@41.5C CPU@46C PMIC@50C GPU@42C AO@57.5C thermal@44C
RAM 2433/3964MB (lfb 111x4MB) SWAP 70/6078MB (cached 1MB) CPU [5%@1224,14%@1224,11%@1224,5%@1326] EMC_FREQ 0% GR3D_FREQ 99% PLL@41C CPU@46C PMIC@50C GPU@42C AO@57.5C thermal@44C
RAM 2433/3964MB (lfb 111x4MB) SWAP 70/6078MB (cached 1MB) CPU [5%@1479,25%@1479,3%@1479,6%@1479] EMC_FREQ 0% GR3D_FREQ 99% PLL@41C CPU@46C PMIC@50C GPU@42C AO@57C thermal@44C
RAM 2433/3964MB (lfb 111x4MB) SWAP 70/6078MB (cached 1MB) CPU [5%@1428,19%@1428,11%@1428,1%@1428] EMC_FREQ 0% GR3D_FREQ 99% PLL@41C CPU@45.5C PMIC@50C GPU@42C AO@56.5C thermal@44C
RAM 2433/3964MB (lfb 111x4MB) SWAP 70/6078MB (cached 1MB) CPU [7%@1479,27%@1479,6%@1479,5%@1479] EMC_FREQ 0% GR3D_FREQ 99% PLL@41C CPU@45.5C PMIC@50C GPU@41.5C AO@56.5C thermal@43.75C
RAM 2433/3964MB (lfb 111x4MB) SWAP 70/6078MB (cached 1MB) CPU [6%@1479,11%@1479,4%@1479,17%@1479] EMC_FREQ 0% GR3D_FREQ 99% PLL@40.5C CPU@45.5C PMIC@50C GPU@41.5C AO@56.5C thermal@43.5C
RAM 2433/3964MB (lfb 111x4MB) SWAP 70/6078MB (cached 1MB) CPU [5%@1479,11%@1479,11%@1479,14%@1479] EMC_FREQ 0% GR3D_FREQ 99% PLL@40.5C CPU@45.5C PMIC@50C GPU@41C AO@56.5C thermal@43.25C
RAM 2433/3964MB (lfb 111x4MB) SWAP 70/6078MB (cached 1MB) CPU [5%@1479,13%@1479,11%@1479,11%@1479] EMC_FREQ 0% GR3D_FREQ 99% PLL@40.5C CPU@45C PMIC@50C GPU@41C AO@56C thermal@43C
RAM 2433/3964MB (lfb 111x4MB) SWAP 70/6078MB (cached 1MB) CPU [4%@1479,8%@1479,9%@1479,14%@1479] EMC_FREQ 0% GR3D_FREQ 99% PLL@40C CPU@45C PMIC@50C GPU@41C AO@56.5C thermal@43C
RAM 2433/3964MB (lfb 111x4MB) SWAP 70/6078MB (cached 1MB) CPU [5%@1479,20%@1479,13%@1479,2%@1479] EMC_FREQ 0% GR3D_FREQ 99% PLL@40C CPU@45C PMIC@50C GPU@40.5C AO@56.5C thermal@42.75C
RAM 2433/3964MB (lfb 111x4MB) SWAP 70/6078MB (cached 1MB) CPU [6%@1479,25%@1479,6%@1479,3%@1479] EMC_FREQ 0% GR3D_FREQ 99% PLL@40C CPU@44.5C PMIC@50C GPU@40.5C AO@56C thermal@42.5C
RAM 2433/3964MB (lfb 111x4MB) SWAP 70/6078MB (cached 1MB) CPU [5%@1479,23%@1479,4%@1479,3%@1479] EMC_FREQ 0% GR3D_FREQ 99% PLL@39.5C CPU@44.5C PMIC@50C GPU@40.5C AO@56C thermal@42.5C
RAM 2433/3964MB (lfb 111x4MB) SWAP 70/6078MB (cached 1MB) CPU [7%@1224,19%@1224,8%@1224,8%@1224] EMC_FREQ 0% GR3D_FREQ 99% PLL@39.5C CPU@44.5C PMIC@50C GPU@40.5C AO@56C thermal@42.5C
RAM 2433/3964MB (lfb 111x4MB) SWAP 70/6078MB (cached 1MB) CPU [5%@1224,7%@1224,11%@1224,13%@1224] EMC_FREQ 0% GR3D_FREQ 99% PLL@39.5C CPU@44C PMIC@50C GPU@40C AO@55.5C thermal@42C
RAM 2433/3964MB (lfb 111x4MB) SWAP 70/6078MB (cached 1MB) CPU [8%@1224,15%@1224,7%@1224,6%@1224] EMC_FREQ 0% GR3D_FREQ 99% PLL@39C CPU@44.5C PMIC@50C GPU@40.5C AO@56C thermal@42C
RAM 2433/3964MB (lfb 111x4MB) SWAP 70/6078MB (cached 1MB) CPU [8%@1224,24%@1224,3%@1224,5%@1224] EMC_FREQ 0% GR3D_FREQ 99% PLL@39C CPU@44C PMIC@50C GPU@40.5C AO@55.5C thermal@42C
RAM 2433/3964MB (lfb 111x4MB) SWAP 70/6078MB (cached 1MB) CPU [6%@1224,17%@1224,2%@1224,12%@1224] EMC_FREQ 0% GR3D_FREQ 99% PLL@39C CPU@43.5C PMIC@50C GPU@39.5C AO@55C thermal@41.75C
RAM 2433/3964MB (lfb 111x4MB) SWAP 70/6078MB (cached 1MB) CPU [5%@1224,19%@1224,6%@1224,9%@1224] EMC_FREQ 0% GR3D_FREQ 99% PLL@39C CPU@43.5C PMIC@50C GPU@39.5C AO@55C thermal@41.75C
RAM 2433/3964MB (lfb 111x4MB) SWAP 70/6078MB (cached 1MB) CPU [7%@1224,22%@1224,7%@1224,3%@1224] EMC_FREQ 0% GR3D_FREQ 99% PLL@38.5C CPU@43.5C PMIC@50C GPU@39.5C AO@55C thermal@41.5C
RAM 2433/3964MB (lfb 111x4MB) SWAP 70/6078MB (cached 1MB) CPU [5%@1224,22%@1224,6%@1224,3%@1224] EMC_FREQ 0% GR3D_FREQ 99% PLL@39C CPU@43C PMIC@50C GPU@39.5C AO@55C thermal@41.5C
RAM 2433/3964MB (lfb 111x4MB) SWAP 70/6078MB (cached 1MB) CPU [4%@1224,16%@1224,5%@1224,11%@1224] EMC_FREQ 0% GR3D_FREQ 99% PLL@38.5C CPU@43C PMIC@50C GPU@39C AO@55C thermal@41.5C
RAM 2433/3964MB (lfb 111x4MB) SWAP 70/6078MB (cached 1MB) CPU [4%@1224,13%@1224,17%@1224,5%@1224] EMC_FREQ 0% GR3D_FREQ 99% PLL@38.5C CPU@43C PMIC@50C GPU@39.5C AO@54.5C thermal@41.25C
RAM 2433/3964MB (lfb 111x4MB) SWAP 70/6078MB (cached 1MB) CPU [5%@1224,14%@1224,5%@1224,8%@1224] EMC_FREQ 0% GR3D_FREQ 99% PLL@38.5C CPU@43C PMIC@50C GPU@39C AO@54.5C thermal@41C
RAM 2433/3964MB (lfb 111x4MB) SWAP 70/6078MB (cached 1MB) CPU [4%@1224,21%@1224,8%@1224,4%@1224] EMC_FREQ 0% GR3D_FREQ 99% PLL@38.5C CPU@43C PMIC@50C GPU@39C AO@54C thermal@41.25C
RAM 2433/3964MB (lfb 111x4MB) SWAP 70/6078MB (cached 1MB) CPU [5%@1224,22%@1224,5%@1224,7%@1224] EMC_FREQ 0% GR3D_FREQ 99% PLL@38C CPU@43C PMIC@50C GPU@39C AO@54C thermal@41C
RAM 2433/3964MB (lfb 111x4MB) SWAP 70/6078MB (cached 1MB) CPU [4%@1224,25%@1224,2%@1224,2%@1224] EMC_FREQ 0% GR3D_FREQ 99% PLL@38C CPU@43C PMIC@50C GPU@39C AO@54C thermal@41C
RAM 2433/3964MB (lfb 111x4MB) SWAP 70/6078MB (cached 1MB) CPU [5%@1224,11%@1224,10%@1224,10%@1224] EMC_FREQ 0% GR3D_FREQ 99% PLL@38C CPU@43C PMIC@50C GPU@39C AO@54C thermal@40.5C
RAM 2433/3964MB (lfb 111x4MB) SWAP 70/6078MB (cached 1MB) CPU [7%@1224,16%@1224,4%@1224,11%@1224] EMC_FREQ 0% GR3D_FREQ 99% PLL@37.5C CPU@42.5C PMIC@50C GPU@38.5C AO@54C thermal@40.75C
RAM 2433/3964MB (lfb 111x4MB) SWAP 70/6078MB (cached 1MB) CPU [5%@1224,15%@1224,11%@1224,7%@1224] EMC_FREQ 0% GR3D_FREQ 99% PLL@38C CPU@42.5C PMIC@50C GPU@38.5C AO@53.5C thermal@40.5C
RAM 2433/3964MB (lfb 111x4MB) SWAP 70/6078MB (cached 1MB) CPU [4%@1224,15%@1224,6%@1224,11%@1224] EMC_FREQ 0% GR3D_FREQ 99% PLL@38C CPU@42C PMIC@50C GPU@38C AO@53.5C thermal@40C
RAM 2433/3964MB (lfb 111x4MB) SWAP 70/6078MB (cached 1MB) CPU [5%@1479,17%@1479,2%@1479,12%@1479] EMC_FREQ 0% GR3D_FREQ 99% PLL@37.5C CPU@42C PMIC@50C GPU@38C AO@53.5C thermal@40C
RAM 2433/3964MB (lfb 111x4MB) SWAP 70/6078MB (cached 1MB) CPU [7%@1428,15%@1428,2%@1428,11%@1428] EMC_FREQ 0% GR3D_FREQ 99% PLL@37.5C CPU@42C PMIC@50C GPU@38C AO@53C thermal@40.25C
RAM 2433/3964MB (lfb 111x4MB) SWAP 70/6078MB (cached 1MB) CPU [4%@1479,20%@1479,12%@1479,5%@1479] EMC_FREQ 0% GR3D_FREQ 99% PLL@37C CPU@42C PMIC@50C GPU@38C AO@53C thermal@40C
RAM 2433/3964MB (lfb 111x4MB) SWAP 70/6078MB (cached 1MB) CPU [4%@1479,22%@1479,7%@1479,5%@1479] EMC_FREQ 0% GR3D_FREQ 99% PLL@37C CPU@42C PMIC@50C GPU@38C AO@53C thermal@40C
RAM 2433/3964MB (lfb 111x4MB) SWAP 70/6078MB (cached 1MB) CPU [7%@1479,17%@1479,12%@1479,7%@1479] EMC_FREQ 0% GR3D_FREQ 99% PLL@37C CPU@41.5C PMIC@50C GPU@37.5C AO@52.5C thermal@40C
RAM 2433/3964MB (lfb 111x4MB) SWAP 70/6078MB (cached 1MB) CPU [4%@1479,15%@1479,6%@1479,13%@1479] EMC_FREQ 0% GR3D_FREQ 99% PLL@37C CPU@41.5C PMIC@50C GPU@37.5C AO@52.5C thermal@39.5C
RAM 2433/3964MB (lfb 111x4MB) SWAP 70/6078MB (cached 1MB) CPU [6%@1224,16%@1224,9%@1224,10%@1224] EMC_FREQ 0% GR3D_FREQ 99% PLL@37C CPU@41.5C PMIC@50C GPU@38C AO@52.5C thermal@39.5C
RAM 2433/3964MB (lfb 111x4MB) SWAP 70/6078MB (cached 1MB) CPU [6%@1224,13%@1224,10%@1224,7%@1224] EMC_FREQ 0% GR3D_FREQ 99% PLL@37C CPU@41.5C PMIC@50C GPU@37.5C AO@52.5C thermal@39.75C
RAM 2433/3964MB (lfb 111x4MB) SWAP 70/6078MB (cached 1MB) CPU [3%@1224,13%@1224,17%@1224,8%@1224] EMC_FREQ 0% GR3D_FREQ 99% PLL@37C CPU@41.5C PMIC@50C GPU@38C AO@53C thermal@39.75C
RAM 2433/3964MB (lfb 111x4MB) SWAP 70/6078MB (cached 1MB) CPU [4%@1224,21%@1224,7%@1224,3%@1224] EMC_FREQ 0% GR3D_FREQ 99% PLL@37.5C CPU@42C PMIC@50C GPU@38C AO@53C thermal@39.75C
RAM 2433/3964MB (lfb 111x4MB) SWAP 70/6078MB (cached 1MB) CPU [7%@1224,22%@1224,5%@1224,1%@1224] EMC_FREQ 0% GR3D_FREQ 99% PLL@37C CPU@42C PMIC@50C GPU@38C AO@53C thermal@39.75C
RAM 2433/3964MB (lfb 111x4MB) SWAP 70/6078MB (cached 1MB) CPU [3%@1224,10%@1224,5%@1224,14%@1224] EMC_FREQ 0% GR3D_FREQ 99% PLL@37.5C CPU@42C PMIC@50C GPU@38C AO@53C thermal@40C
RAM 2433/3964MB (lfb 111x4MB) SWAP 70/6078MB (cached 1MB) CPU [4%@1479,9%@1479,6%@1479,17%@1479] EMC_FREQ 0% GR3D_FREQ 99% PLL@37.5C CPU@42C PMIC@50C GPU@38C AO@53.5C thermal@40C
RAM 2433/3964MB (lfb 111x4MB) SWAP 70/6078MB (cached 1MB) CPU [7%@1224,25%@1224,4%@1224,4%@1224] EMC_FREQ 0% GR3D_FREQ 99% PLL@37.5C CPU@42C PMIC@50C GPU@38C AO@53.5C thermal@40C
RAM 2433/3964MB (lfb 111x4MB) SWAP 70/6078MB (cached 1MB) CPU [5%@1224,21%@1224,7%@1224,3%@1224] EMC_FREQ 0% GR3D_FREQ 99% PLL@37.5C CPU@42C PMIC@50C GPU@38.5C AO@53.5C thermal@40.25C
RAM 2433/3964MB (lfb 111x4MB) SWAP 70/6078MB (cached 1MB) CPU [6%@1224,12%@1224,11%@1224,6%@1224] EMC_FREQ 0% GR3D_FREQ 99% PLL@37.5C CPU@42.5C PMIC@50C GPU@38C AO@53.5C thermal@40.25C
RAM 2433/3964MB (lfb 111x4MB) SWAP 70/6078MB (cached 1MB) CPU [3%@1224,11%@1224,11%@1224,14%@1224] EMC_FREQ 0% GR3D_FREQ 99% PLL@38C CPU@42.5C PMIC@50C GPU@38.5C AO@54C thermal@40.25C
RAM 2433/3964MB (lfb 111x4MB) SWAP 70/6078MB (cached 1MB) CPU [10%@1224,15%@1224,11%@1224,5%@1224] EMC_FREQ 0% GR3D_FREQ 99% PLL@37.5C CPU@42.5C PMIC@50C GPU@38.5C AO@54C thermal@40.5C
RAM 2433/3964MB (lfb 111x4MB) SWAP 70/6078MB (cached 1MB) CPU [5%@1224,11%@1224,7%@1224,14%@1224] EMC_FREQ 0% GR3D_FREQ 99% PLL@38C CPU@43C PMIC@50C GPU@38.5C AO@54C thermal@40.5C
RAM 2433/3964MB (lfb 111x4MB) SWAP 70/6078MB (cached 1MB) CPU [7%@1224,17%@1224,8%@1224,4%@1224] EMC_FREQ 0% GR3D_FREQ 99% PLL@38C CPU@43C PMIC@50C GPU@38.5C AO@53.5C thermal@40.5C
RAM 2433/3964MB (lfb 111x4MB) SWAP 70/6078MB (cached 1MB) CPU [2%@1224,12%@1224,9%@1224,18%@1224] EMC_FREQ 0% GR3D_FREQ 99% PLL@38C CPU@43C PMIC@50C GPU@39C AO@54C thermal@40.5C
RAM 2433/3964MB (lfb 111x4MB) SWAP 70/6078MB (cached 1MB) CPU [4%@1479,9%@1479,3%@1479,18%@1479] EMC_FREQ 0% GR3D_FREQ 99% PLL@38.5C CPU@43C PMIC@50C GPU@38.5C AO@54C thermal@40.5C
RAM 2433/3964MB (lfb 111x4MB) SWAP 70/6078MB (cached 1MB) CPU [4%@1479,24%@1479,4%@1479,4%@1479] EMC_FREQ 0% GR3D_FREQ 99% PLL@38.5C CPU@42.5C PMIC@50C GPU@39C AO@54.5C thermal@40.75C
RAM 2433/3964MB (lfb 111x4MB) SWAP 70/6078MB (cached 1MB) CPU [5%@1224,26%@1224,3%@1224,5%@1224] EMC_FREQ 0% GR3D_FREQ 99% PLL@38.5C CPU@43C PMIC@50C GPU@39C AO@54.5C thermal@41C
RAM 2433/3964MB (lfb 111x4MB) SWAP 70/6078MB (cached 1MB) CPU [4%@1224,14%@1224,12%@1224,2%@1224] EMC_FREQ 0% GR3D_FREQ 99% PLL@38.5C CPU@42.5C PMIC@50C GPU@39.5C AO@54.5C thermal@41C
RAM 2433/3964MB (lfb 111x4MB) SWAP 70/6078MB (cached 1MB) CPU [6%@1224,10%@1224,16%@1224,4%@1224] EMC_FREQ 0% GR3D_FREQ 99% PLL@38.5C CPU@43.5C PMIC@50C GPU@39.5C AO@54.5C thermal@41C
RAM 2433/3964MB (lfb 109x4MB) SWAP 70/6078MB (cached 1MB) CPU [7%@1224,14%@1224,8%@1224,6%@1224] EMC_FREQ 0% GR3D_FREQ 99% PLL@38.5C CPU@43C PMIC@50C GPU@39.5C AO@54.5C thermal@41.25C
RAM 2433/3964MB (lfb 109x4MB) SWAP 70/6078MB (cached 1MB) CPU [5%@1224,14%@1224,3%@1224,13%@1224] EMC_FREQ 0% GR3D_FREQ 99% PLL@38.5C CPU@43C PMIC@50C GPU@39.5C AO@54.5C thermal@41.25C
RAM 2433/3964MB (lfb 109x4MB) SWAP 70/6078MB (cached 1MB) CPU [3%@1224,22%@1224,4%@1224,6%@1224] EMC_FREQ 0% GR3D_FREQ 99% PLL@39C CPU@43C PMIC@50C GPU@39.5C AO@54.5C thermal@41.25C
RAM 2433/3964MB (lfb 109x4MB) SWAP 70/6078MB (cached 1MB) CPU [6%@1224,11%@1224,11%@1224,11%@1224] EMC_FREQ 0% GR3D_FREQ 99% PLL@39C CPU@43C PMIC@50C GPU@39.5C AO@54.5C thermal@41.25C
RAM 2433/3964MB (lfb 109x4MB) SWAP 70/6078MB (cached 1MB) CPU [11%@1224,17%@1224,7%@1224,5%@1224] EMC_FREQ 0% GR3D_FREQ 99% PLL@39C CPU@43.5C PMIC@50C GPU@39.5C AO@54.5C thermal@41.5C
RAM 2433/3964MB (lfb 109x4MB) SWAP 70/6078MB (cached 1MB) CPU [3%@1479,17%@1479,9%@1479,12%@1479] EMC_FREQ 0% GR3D_FREQ 99% PLL@39C CPU@43.5C PMIC@50C GPU@39.5C AO@54.5C thermal@41.5C
RAM 2433/3964MB (lfb 109x4MB) SWAP 70/6078MB (cached 1MB) CPU [5%@1479,19%@1479,10%@1479,4%@1479] EMC_FREQ 0% GR3D_FREQ 99% PLL@39C CPU@43.5C PMIC@50C GPU@39.5C AO@55C thermal@41.5C
RAM 2433/3964MB (lfb 109x4MB) SWAP 70/6078MB (cached 1MB) CPU [9%@1479,20%@1479,4%@1479,6%@1479] EMC_FREQ 0% GR3D_FREQ 99% PLL@39.5C CPU@43.5C PMIC@50C GPU@40C AO@54.5C thermal@42C
RAM 2433/3964MB (lfb 109x4MB) SWAP 70/6078MB (cached 1MB) CPU [3%@1479,14%@1479,8%@1479,15%@1479] EMC_FREQ 0% GR3D_FREQ 99% PLL@39C CPU@44C PMIC@50C GPU@40C AO@55C thermal@42C
RAM 2433/3964MB (lfb 109x4MB) SWAP 70/6078MB (cached 1MB) CPU [3%@1479,12%@1479,9%@1479,16%@1479] EMC_FREQ 0% GR3D_FREQ 99% PLL@39C CPU@44C PMIC@50C GPU@40C AO@55C thermal@42C
RAM 2433/3964MB (lfb 109x4MB) SWAP 70/6078MB (cached 1MB) CPU [6%@1479,13%@1479,4%@1479,13%@1479] EMC_FREQ 0% GR3D_FREQ 99% PLL@39C CPU@44C PMIC@50C GPU@40.5C AO@55C thermal@41.75C
RAM 2433/3964MB (lfb 108x4MB) SWAP 70/6078MB (cached 1MB) CPU [5%@1224,19%@1224,7%@1224,4%@1224] EMC_FREQ 0% GR3D_FREQ 99% PLL@39.5C CPU@43.5C PMIC@50C GPU@40C AO@55.5C thermal@41.75C
RAM 2433/3964MB (lfb 108x4MB) SWAP 70/6078MB (cached 1MB) CPU [5%@1479,22%@1479,6%@1479,3%@1479] EMC_FREQ 0% GR3D_FREQ 99% PLL@39.5C CPU@44C PMIC@50C GPU@40C AO@56C thermal@42.25C
RAM 2433/3964MB (lfb 108x4MB) SWAP 70/6078MB (cached 1MB) CPU [5%@1224,10%@1224,5%@1224,16%@1224] EMC_FREQ 0% GR3D_FREQ 99% PLL@39.5C CPU@44.5C PMIC@50C GPU@40.5C AO@55C thermal@42C
RAM 2433/3964MB (lfb 108x4MB) SWAP 70/6078MB (cached 1MB) CPU [3%@1224,8%@1224,14%@1224,9%@1224] EMC_FREQ 0% GR3D_FREQ 99% PLL@39.5C CPU@44.5C PMIC@50C GPU@40.5C AO@55.5C thermal@42.5C
RAM 2433/3964MB (lfb 108x4MB) SWAP 70/6078MB (cached 1MB) CPU [6%@1224,21%@1224,5%@1224,5%@1224] EMC_FREQ 0% GR3D_FREQ 99% PLL@39.5C CPU@44.5C PMIC@50C GPU@40.5C AO@55.5C thermal@42.25C
RAM 2433/3964MB (lfb 108x4MB) SWAP 70/6078MB (cached 1MB) CPU [4%@1479,23%@1479,5%@1479,4%@1479] EMC_FREQ 0% GR3D_FREQ 99% PLL@39.5C CPU@44.5C PMIC@50C GPU@40.5C AO@55.5C thermal@42.25C
RAM 2433/3964MB (lfb 108x4MB) SWAP 70/6078MB (cached 1MB) CPU [4%@1224,11%@1224,6%@1224,20%@1224] EMC_FREQ 0% GR3D_FREQ 99% PLL@39.5C CPU@44.5C PMIC@50C GPU@40.5C AO@55.5C thermal@42.25C
RAM 2433/3964MB (lfb 108x4MB) SWAP 70/6078MB (cached 1MB) CPU [2%@1479,11%@1479,14%@1479,9%@1479] EMC_FREQ 0% GR3D_FREQ 99% PLL@40C CPU@44.5C PMIC@50C GPU@40.5C AO@55.5C thermal@42.25C
RAM 2433/3964MB (lfb 108x4MB) SWAP 70/6078MB (cached 1MB) CPU [4%@1224,15%@1224,14%@1224,5%@1224] EMC_FREQ 0% GR3D_FREQ 99% PLL@40C CPU@44.5C PMIC@50C GPU@41C AO@55.5C thermal@42.5C
RAM 2433/3964MB (lfb 108x4MB) SWAP 70/6078MB (cached 1MB) CPU [4%@1224,11%@1224,11%@1224,16%@1224] EMC_FREQ 0% GR3D_FREQ 99% PLL@40C CPU@44.5C PMIC@50C GPU@40.5C AO@56C thermal@42.5C
RAM 2433/3964MB (lfb 108x4MB) SWAP 70/6078MB (cached 1MB) CPU [4%@1224,16%@1224,7%@1224,9%@1224] EMC_FREQ 0% GR3D_FREQ 99% PLL@40C CPU@44.5C PMIC@50C GPU@40.5C AO@55.5C thermal@42.5C
RAM 2433/3964MB (lfb 108x4MB) SWAP 70/6078MB (cached 1MB) CPU [6%@1479,13%@1479,10%@1479,9%@1479] EMC_FREQ 0% GR3D_FREQ 99% PLL@40.5C CPU@45C PMIC@50C GPU@40.5C AO@56C thermal@42.5C
RAM 2433/3964MB (lfb 108x4MB) SWAP 70/6078MB (cached 1MB) CPU [4%@1224,22%@1224,8%@1224,3%@1224] EMC_FREQ 0% GR3D_FREQ 99% PLL@40.5C CPU@44.5C PMIC@50C GPU@41C AO@56C thermal@43C
RAM 2433/3964MB (lfb 108x4MB) SWAP 70/6078MB (cached 1MB) CPU [4%@1224,16%@1224,5%@1224,12%@1224] EMC_FREQ 0% GR3D_FREQ 99% PLL@40C CPU@45C PMIC@50C GPU@41C AO@56C thermal@42.75C
RAM 2433/3964MB (lfb 108x4MB) SWAP 70/6078MB (cached 1MB) CPU [3%@1224,12%@1224,19%@1224,4%@1224] EMC_FREQ 0% GR3D_FREQ 99% PLL@40C CPU@45C PMIC@50C GPU@41C AO@56C thermal@42.75C
RAM 2433/3964MB (lfb 108x4MB) SWAP 70/6078MB (cached 1MB) CPU [3%@1224,14%@1224,13%@1224,6%@1224] EMC_FREQ 0% GR3D_FREQ 99% PLL@40.5C CPU@44.5C PMIC@50C GPU@41.5C AO@56.5C thermal@43C
RAM 2433/3964MB (lfb 108x4MB) SWAP 70/6078MB (cached 1MB) CPU [4%@1224,19%@1224,6%@1224,7%@1224] EMC_FREQ 0% GR3D_FREQ 99% PLL@40.5C CPU@45C PMIC@50C GPU@41C AO@56.5C thermal@43C
RAM 2433/3964MB (lfb 108x4MB) SWAP 70/6078MB (cached 1MB) CPU [4%@1224,17%@1224,11%@1224,6%@1224] EMC_FREQ 0% GR3D_FREQ 99% PLL@40C CPU@45C PMIC@50C GPU@41C AO@56.5C thermal@43C
RAM 2433/3964MB (lfb 108x4MB) SWAP 70/6078MB (cached 1MB) CPU [3%@1224,13%@1224,17%@1224,9%@1224] EMC_FREQ 0% GR3D_FREQ 99% PLL@40.5C CPU@45.5C PMIC@50C GPU@41.5C AO@56.5C thermal@43C
RAM 2433/3964MB (lfb 108x4MB) SWAP 70/6078MB (cached 1MB) CPU [8%@1224,18%@1224,8%@1224,6%@1224] EMC_FREQ 0% GR3D_FREQ 99% PLL@40.5C CPU@45C PMIC@50C GPU@41.5C AO@56.5C thermal@43C
RAM 2433/3964MB (lfb 108x4MB) SWAP 70/6078MB (cached 1MB) CPU [7%@1428,24%@1428,6%@1428,3%@1428] EMC_FREQ 0% GR3D_FREQ 99% PLL@40.5C CPU@45.5C PMIC@50C GPU@41.5C AO@56.5C thermal@43.25C
RAM 2433/3964MB (lfb 108x4MB) SWAP 70/6078MB (cached 1MB) CPU [6%@1224,12%@1224,11%@1224,13%@1224] EMC_FREQ 0% GR3D_FREQ 99% PLL@40.5C CPU@45C PMIC@50C GPU@41.5C AO@56.5C thermal@43.5C
RAM 2433/3964MB (lfb 108x4MB) SWAP 70/6078MB (cached 1MB) CPU [6%@1224,23%@1224,4%@1224,9%@1224] EMC_FREQ 0% GR3D_FREQ 99% PLL@41C CPU@45C PMIC@50C GPU@41.5C AO@56.5C thermal@43C
RAM 2433/3964MB (lfb 108x4MB) SWAP 70/6078MB (cached 1MB) CPU [5%@1224,20%@1224,2%@1224,2%@1224] EMC_FREQ 0% GR3D_FREQ 99% PLL@41C CPU@45C PMIC@50C GPU@41.5C AO@56.5C thermal@43.25C
RAM 2433/3964MB (lfb 108x4MB) SWAP 70/6078MB (cached 1MB) CPU [4%@1479,25%@1479,5%@1479,3%@1479] EMC_FREQ 0% GR3D_FREQ 99% PLL@41C CPU@45C PMIC@50C GPU@41.5C AO@56C thermal@43.25C
RAM 2433/3964MB (lfb 108x4MB) SWAP 70/6078MB (cached 1MB) CPU [6%@1479,12%@1479,13%@1479,9%@1479] EMC_FREQ 0% GR3D_FREQ 99% PLL@41C CPU@45.5C PMIC@50C GPU@41.5C AO@57C thermal@43.5C
RAM 2433/3964MB (lfb 108x4MB) SWAP 70/6078MB (cached 1MB) CPU [8%@1479,7%@1479,8%@1479,10%@1479] EMC_FREQ 0% GR3D_FREQ 99% PLL@41C CPU@45C PMIC@50C GPU@41.5C AO@56.5C thermal@43.75C
RAM 2433/3964MB (lfb 108x4MB) SWAP 70/6078MB (cached 1MB) CPU [22%@1479,5%@1479,8%@1479,7%@1479] EMC_FREQ 0% GR3D_FREQ 99% PLL@41C CPU@45.5C PMIC@50C GPU@42C AO@56.5C thermal@43.75C
RAM 2433/3964MB (lfb 108x4MB) SWAP 70/6078MB (cached 1MB) CPU [27%@1479,5%@1479,4%@1479,4%@1479] EMC_FREQ 0% GR3D_FREQ 99% PLL@41C CPU@45.5C PMIC@50C GPU@42C AO@57C thermal@43.75C
RAM 2433/3964MB (lfb 108x4MB) SWAP 70/6078MB (cached 1MB) CPU [29%@1479,3%@1479,6%@1479,5%@1479] EMC_FREQ 0% GR3D_FREQ 99% PLL@41C CPU@45.5C PMIC@50C GPU@42C AO@57C thermal@43.75C
RAM 2433/3964MB (lfb 108x4MB) SWAP 70/6078MB (cached 1MB) CPU [10%@1224,3%@1224,17%@1224,6%@1224] EMC_FREQ 0% GR3D_FREQ 99% PLL@41C CPU@45.5C PMIC@50C GPU@42C AO@57C thermal@44C
RAM 2433/3964MB (lfb 108x4MB) SWAP 70/6078MB (cached 1MB) CPU [19%@1479,6%@1479,10%@1479,5%@1479] EMC_FREQ 0% GR3D_FREQ 99% PLL@41.5C CPU@46C PMIC@50C GPU@42C AO@57C thermal@44.25C
RAM 2433/3964MB (lfb 108x4MB) SWAP 70/6078MB (cached 1MB) CPU [29%@1479,4%@1479,3%@1479,3%@1479] EMC_FREQ 0% GR3D_FREQ 99% PLL@41.5C CPU@46C PMIC@50C GPU@42C AO@57.5C thermal@44C
RAM 2434/3964MB (lfb 108x4MB) SWAP 70/6078MB (cached 1MB) CPU [23%@1224,7%@1224,9%@1224,3%@1224] EMC_FREQ 0% GR3D_FREQ 99% PLL@41.5C CPU@46.5C PMIC@50C GPU@42C AO@57.5C thermal@44C
RAM 2434/3964MB (lfb 108x4MB) SWAP 70/6078MB (cached 1MB) CPU [18%@1224,8%@1224,4%@1224,8%@1224] EMC_FREQ 0% GR3D_FREQ 99% PLL@42C CPU@46C PMIC@50C GPU@42C AO@57.5C thermal@44C
RAM 2433/3964MB (lfb 108x4MB) SWAP 70/6078MB (cached 1MB) CPU [3%@1479,27%@1479,2%@1479,1%@1479] EMC_FREQ 0% GR3D_FREQ 99% PLL@41.5C CPU@46.5C PMIC@50C GPU@42.5C AO@58C thermal@44.25C
RAM 2433/3964MB (lfb 108x4MB) SWAP 70/6078MB (cached 1MB) CPU [7%@1224,20%@1224,10%@1224,3%@1224] EMC_FREQ 0% GR3D_FREQ 99% PLL@42C CPU@46.5C PMIC@50C GPU@42.5C AO@57.5C thermal@44.5C
RAM 2433/3964MB (lfb 108x4MB) SWAP 70/6078MB (cached 1MB) CPU [4%@1224,11%@1224,6%@1224,17%@1224] EMC_FREQ 0% GR3D_FREQ 99% PLL@42C CPU@46.5C PMIC@50C GPU@42.5C AO@58C thermal@44.25C
RAM 2433/3964MB (lfb 108x4MB) SWAP 70/6078MB (cached 1MB) CPU [5%@1224,18%@1224,12%@1224,3%@1224] EMC_FREQ 0% GR3D_FREQ 99% PLL@41.5C CPU@46.5C PMIC@50C GPU@42.5C AO@57.5C thermal@44.25C
RAM 2433/3964MB (lfb 108x4MB) SWAP 70/6078MB (cached 1MB) CPU [3%@1224,10%@1224,4%@1224,20%@1224] EMC_FREQ 0% GR3D_FREQ 99% PLL@42C CPU@46.5C PMIC@50C GPU@42.5C AO@58C thermal@44.5C
RAM 2433/3964MB (lfb 108x4MB) SWAP 70/6078MB (cached 1MB) CPU [7%@1224,12%@1224,17%@1224,7%@1224] EMC_FREQ 0% GR3D_FREQ 99% PLL@42C CPU@46.5C PMIC@50C GPU@42.5C AO@58C thermal@44.5C
RAM 2433/3964MB (lfb 108x4MB) SWAP 70/6078MB (cached 1MB) CPU [5%@1224,18%@1224,6%@1224,11%@1224] EMC_FREQ 0% GR3D_FREQ 99% PLL@42C CPU@46.5C PMIC@50C GPU@43C AO@58C thermal@44.5C
RAM 2433/3964MB (lfb 108x4MB) SWAP 70/6078MB (cached 1MB) CPU [5%@1224,17%@1224,5%@1224,12%@1224] EMC_FREQ 0% GR3D_FREQ 99% PLL@42C CPU@46.5C PMIC@50C GPU@42.5C AO@58C thermal@44.75C
RAM 2433/3964MB (lfb 108x4MB) SWAP 70/6078MB (cached 1MB) CPU [7%@1224,15%@1224,7%@1224,10%@1224] EMC_FREQ 0% GR3D_FREQ 99% PLL@42C CPU@46.5C PMIC@50C GPU@43C AO@58C thermal@44.75C
RAM 2433/3964MB (lfb 108x4MB) SWAP 70/6078MB (cached 1MB) CPU [4%@1224,7%@1224,13%@1224,11%@1224] EMC_FREQ 0% GR3D_FREQ 99% PLL@42C CPU@46.5C PMIC@50C GPU@42.5C AO@58C thermal@44.75C
RAM 2433/3964MB (lfb 108x4MB) SWAP 70/6078MB (cached 1MB) CPU [2%@1224,10%@1224,16%@1224,9%@1224] EMC_FREQ 0% GR3D_FREQ 99% PLL@42C CPU@46C PMIC@50C GPU@43C AO@58.5C thermal@44.75C
RAM 2433/3964MB (lfb 108x4MB) SWAP 70/6078MB (cached 1MB) CPU [8%@1224,7%@1224,5%@1224,16%@1224] EMC_FREQ 0% GR3D_FREQ 99% PLL@42.5C CPU@46.5C PMIC@50C GPU@42.5C AO@58C thermal@44.75C
RAM 2433/3964MB (lfb 108x4MB) SWAP 70/6078MB (cached 1MB) CPU [28%@1224,2%@1224,3%@1224,5%@1224] EMC_FREQ 0% GR3D_FREQ 99% PLL@42C CPU@46.5C PMIC@50C GPU@43C AO@58.5C thermal@44.75C
RAM 2433/3964MB (lfb 108x4MB) SWAP 70/6078MB (cached 1MB) CPU [24%@1224,3%@1224,4%@1224,9%@1224] EMC_FREQ 0% GR3D_FREQ 99% PLL@42C CPU@46.5C PMIC@50C GPU@43C AO@58.5C thermal@44.75C
RAM 2433/3964MB (lfb 108x4MB) SWAP 70/6078MB (cached 1MB) CPU [20%@1224,6%@1224,6%@1224,1%@1224] EMC_FREQ 0% GR3D_FREQ 99% PLL@42C CPU@47C PMIC@50C GPU@43C AO@58.5C thermal@45C
RAM 2433/3964MB (lfb 108x4MB) SWAP 70/6078MB (cached 1MB) CPU [20%@1224,9%@1224,3%@1224,5%@1224] EMC_FREQ 0% GR3D_FREQ 99% PLL@42.5C CPU@47C PMIC@50C GPU@43C AO@58.5C thermal@45C
RAM 2433/3964MB (lfb 108x4MB) SWAP 70/6078MB (cached 1MB) CPU [25%@1224,5%@1224,2%@1224,2%@1224] EMC_FREQ 0% GR3D_FREQ 99% PLL@42.5C CPU@47C PMIC@50C GPU@43C AO@59C thermal@45C
RAM 2433/3964MB (lfb 108x4MB) SWAP 70/6078MB (cached 1MB) CPU [25%@1224,3%@1224,4%@1224,9%@1224] EMC_FREQ 0% GR3D_FREQ 99% PLL@42.5C CPU@47C PMIC@50C GPU@43.5C AO@59C thermal@44.75C
RAM 2433/3964MB (lfb 108x4MB) SWAP 70/6078MB (cached 1MB) CPU [30%@1224,1%@1224,4%@1224,5%@1224] EMC_FREQ 0% GR3D_FREQ 99% PLL@42.5C CPU@47C PMIC@50C GPU@43C AO@59C thermal@45.25C
RAM 2433/3964MB (lfb 108x4MB) SWAP 70/6078MB (cached 1MB) CPU [14%@1428,10%@1428,9%@1428,3%@1428] EMC_FREQ 0% GR3D_FREQ 99% PLL@43C CPU@47C PMIC@50C GPU@43C AO@59C thermal@45.25C
RAM 2433/3964MB (lfb 108x4MB) SWAP 70/6078MB (cached 1MB) CPU [3%@1224,17%@1224,7%@1224,6%@1224] EMC_FREQ 0% GR3D_FREQ 99% PLL@43C CPU@47C PMIC@50C GPU@43.5C AO@58.5C thermal@45.25C
RAM 2433/3964MB (lfb 108x4MB) SWAP 70/6078MB (cached 1MB) CPU [4%@1224,9%@1224,15%@1326,10%@1326] EMC_FREQ 0% GR3D_FREQ 99% PLL@42.5C CPU@47.5C PMIC@50C GPU@43.5C AO@58.5C thermal@45.25C
RAM 2434/3964MB (lfb 108x4MB) SWAP 70/6078MB (cached 1MB) CPU [11%@1326,12%@1326,14%@1326,8%@1326] EMC_FREQ 0% GR3D_FREQ 99% PLL@42.5C CPU@47C PMIC@50C GPU@43.5C AO@58C thermal@45.25C
RAM 2433/3964MB (lfb 108x4MB) SWAP 70/6078MB (cached 1MB) CPU [5%@1479,11%@1479,8%@1479,11%@1479] EMC_FREQ 0% GR3D_FREQ 99% PLL@43C CPU@47C PMIC@50C GPU@43.5C AO@58.5C thermal@45.5C
RAM 2433/3964MB (lfb 108x4MB) SWAP 70/6078MB (cached 1MB) CPU [4%@1479,13%@1479,13%@1479,9%@1479] EMC_FREQ 0% GR3D_FREQ 99% PLL@43C CPU@47.5C PMIC@50C GPU@43.5C AO@58.5C thermal@45.5C
RAM 2433/3964MB (lfb 108x4MB) SWAP 70/6078MB (cached 1MB) CPU [6%@1479,15%@1479,17%@1479,3%@1479] EMC_FREQ 0% GR3D_FREQ 99% PLL@43C CPU@47C PMIC@50C GPU@43.5C AO@59C thermal@45.5C
RAM 2433/3964MB (lfb 108x4MB) SWAP 70/6078MB (cached 1MB) CPU [7%@1479,13%@1479,14%@1479,5%@1479] EMC_FREQ 0% GR3D_FREQ 99% PLL@43C CPU@47.5C PMIC@50C GPU@44C AO@58.5C thermal@45.75C
RAM 2433/3964MB (lfb 108x4MB) SWAP 70/6078MB (cached 1MB) CPU [5%@1479,13%@1479,9%@1479,12%@1479] EMC_FREQ 0% GR3D_FREQ 99% PLL@43C CPU@47.5C PMIC@50C GPU@43.5C AO@59C thermal@45.75C
RAM 2433/3964MB (lfb 108x4MB) SWAP 70/6078MB (cached 1MB) CPU [5%@1479,16%@1479,4%@1479,12%@1479] EMC_FREQ 0% GR3D_FREQ 99% PLL@43.5C CPU@47.5C PMIC@50C GPU@44C AO@59C thermal@45.75C
RAM 2433/3964MB (lfb 108x4MB) SWAP 70/6078MB (cached 1MB) CPU [7%@1479,9%@1479,7%@1479,13%@1479] EMC_FREQ 0% GR3D_FREQ 99% PLL@43C CPU@47.5C PMIC@50C GPU@44C AO@59C thermal@45.75C
RAM 2433/3964MB (lfb 108x4MB) SWAP 70/6078MB (cached 1MB) CPU [7%@1479,15%@1479,12%@1479,5%@1479] EMC_FREQ 0% GR3D_FREQ 99% PLL@43C CPU@48C PMIC@50C GPU@44C AO@59C thermal@45.75C
RAM 2433/3964MB (lfb 108x4MB) SWAP 70/6078MB (cached 1MB) CPU [2%@1224,9%@1224,14%@1224,7%@1224] EMC_FREQ 0% GR3D_FREQ 99% PLL@43.5C CPU@48C PMIC@50C GPU@44C AO@59.5C thermal@45.75C
RAM 2433/3964MB (lfb 108x4MB) SWAP 70/6078MB (cached 1MB) CPU [6%@1224,11%@1224,5%@1224,15%@1224] EMC_FREQ 0% GR3D_FREQ 99% PLL@43.5C CPU@48C PMIC@50C GPU@44C AO@59.5C thermal@46C
RAM 2433/3964MB (lfb 108x4MB) SWAP 70/6078MB (cached 1MB) CPU [3%@1479,15%@1479,4%@1479,15%@1479] EMC_FREQ 0% GR3D_FREQ 99% PLL@43.5C CPU@48C PMIC@50C GPU@44.5C AO@59.5C thermal@46C
RAM 2433/3964MB (lfb 108x4MB) SWAP 70/6078MB (cached 1MB) CPU [4%@1224,14%@1224,8%@1224,8%@1224] EMC_FREQ 0% GR3D_FREQ 99% PLL@43C CPU@48.5C PMIC@50C GPU@44C AO@59.5C thermal@46.25C
RAM 2433/3964MB (lfb 108x4MB) SWAP 70/6078MB (cached 1MB) CPU [12%@1479,13%@1479,9%@1479,3%@1479] EMC_FREQ 0% GR3D_FREQ 99% PLL@43.5C CPU@48C PMIC@50C GPU@44.5C AO@60C thermal@46C
RAM 2433/3964MB (lfb 108x4MB) SWAP 70/6078MB (cached 1MB) CPU [26%@1224,3%@1224,5%@1224,2%@1224] EMC_FREQ 0% GR3D_FREQ 99% PLL@43.5C CPU@48C PMIC@50C GPU@44C AO@60C thermal@46.25C
RAM 2433/3964MB (lfb 108x4MB) SWAP 70/6078MB (cached 1MB) CPU [28%@1479,2%@1479,3%@1479,2%@1479] EMC_FREQ 0% GR3D_FREQ 99% PLL@43.5C CPU@48C PMIC@50C GPU@44.5C AO@60C thermal@46C
RAM 2433/3964MB (lfb 108x4MB) SWAP 70/6078MB (cached 1MB) CPU [19%@1224,1%@1224,5%@1224,9%@1224] EMC_FREQ 0% GR3D_FREQ 99% PLL@43.5C CPU@48C PMIC@50C GPU@44C AO@60C thermal@46C
RAM 2433/3964MB (lfb 108x4MB) SWAP 70/6078MB (cached 1MB) CPU [15%@1224,9%@1224,14%@1224,3%@1224] EMC_FREQ 0% GR3D_FREQ 99% PLL@44C CPU@48C PMIC@50C GPU@44.5C AO@60C thermal@46.25C
RAM 2433/3964MB (lfb 108x4MB) SWAP 70/6078MB (cached 1MB) CPU [12%@1479,14%@1479,2%@1224,7%@1224] EMC_FREQ 0% GR3D_FREQ 99% PLL@43.5C CPU@48.5C PMIC@50C GPU@44.5C AO@60C thermal@46.5C
RAM 2433/3964MB (lfb 108x4MB) SWAP 70/6078MB (cached 1MB) CPU [21%@1224,7%@1224,6%@1224,3%@1224] EMC_FREQ 0% GR3D_FREQ 99% PLL@43.5C CPU@48C PMIC@50C GPU@44.5C AO@60C thermal@46.5C
RAM 2433/3964MB (lfb 108x4MB) SWAP 70/6078MB (cached 1MB) CPU [27%@1479,4%@1479,4%@1479,2%@1479] EMC_FREQ 0% GR3D_FREQ 99% PLL@44C CPU@48.5C PMIC@50C GPU@45C AO@60.5C thermal@46.25C
RAM 2433/3964MB (lfb 108x4MB) SWAP 70/6078MB (cached 1MB) CPU [22%@1224,8%@1224,4%@1224,7%@1224] EMC_FREQ 0% GR3D_FREQ 99% PLL@44C CPU@48C PMIC@50C GPU@44.5C AO@60.5C thermal@46.5C
RAM 2433/3964MB (lfb 108x4MB) SWAP 70/6078MB (cached 1MB) CPU [23%@1224,4%@1224,4%@1224,5%@1224] EMC_FREQ 0% GR3D_FREQ 99% PLL@44C CPU@48.5C PMIC@50C GPU@44.5C AO@60.5C thermal@46.5C
RAM 2433/3964MB (lfb 108x4MB) SWAP 70/6078MB (cached 1MB) CPU [21%@1479,5%@1479,10%@1479,4%@1479] EMC_FREQ 0% GR3D_FREQ 99% PLL@44.5C CPU@48.5C PMIC@50C GPU@44.5C AO@60.5C thermal@46.5C
RAM 2433/3964MB (lfb 108x4MB) SWAP 70/6078MB (cached 1MB) CPU [10%@1224,2%@1224,4%@1224,17%@1224] EMC_FREQ 0% GR3D_FREQ 99% PLL@44C CPU@48.5C PMIC@50C GPU@44.5C AO@60.5C thermal@46.75C
RAM 2433/3964MB (lfb 108x4MB) SWAP 70/6078MB (cached 1MB) CPU [17%@1224,5%@1224,3%@1224,10%@1224] EMC_FREQ 0% GR3D_FREQ 99% PLL@44C CPU@48.5C PMIC@50C GPU@45C AO@60.5C thermal@46.75C
RAM 2433/3964MB (lfb 108x4MB) SWAP 70/6078MB (cached 1MB) CPU [20%@1224,5%@1224,3%@1224,14%@1224] EMC_FREQ 0% GR3D_FREQ 99% PLL@44C CPU@49C PMIC@50C GPU@45C AO@60.5C thermal@46.75C
RAM 2433/3964MB (lfb 108x4MB) SWAP 70/6078MB (cached 1MB) CPU [25%@1479,2%@1479,5%@1479,7%@1479] EMC_FREQ 0% GR3D_FREQ 99% PLL@44C CPU@48.5C PMIC@50C GPU@44.5C AO@61C thermal@46.75C
RAM 2433/3964MB (lfb 108x4MB) SWAP 70/6078MB (cached 1MB) CPU [26%@1224,2%@1224,3%@1224,7%@1224] EMC_FREQ 0% GR3D_FREQ 99% PLL@44C CPU@49C PMIC@50C GPU@45C AO@61C thermal@46.75C
RAM 2433/3964MB (lfb 108x4MB) SWAP 70/6078MB (cached 1MB) CPU [28%@1479,4%@1479,5%@1479,2%@1479] EMC_FREQ 0% GR3D_FREQ 99% PLL@44.5C CPU@49C PMIC@50C GPU@45.5C AO@60.5C thermal@46.75C
RAM 2433/3964MB (lfb 108x4MB) SWAP 70/6078MB (cached 1MB) CPU [21%@1224,11%@1224,4%@1224,5%@1224] EMC_FREQ 0% GR3D_FREQ 99% PLL@44.5C CPU@49C PMIC@50C GPU@45C AO@60.5C thermal@46.75C
RAM 2433/3964MB (lfb 108x4MB) SWAP 70/6078MB (cached 1MB) CPU [21%@1224,3%@1224,12%@1224,4%@1224] EMC_FREQ 0% GR3D_FREQ 99% PLL@44.5C CPU@49C PMIC@50C GPU@45C AO@60.5C thermal@47C
RAM 2433/3964MB (lfb 108x4MB) SWAP 70/6078MB (cached 1MB) CPU [16%@1224,6%@1224,11%@1224,6%@1224] EMC_FREQ 0% GR3D_FREQ 99% PLL@44.5C CPU@49C PMIC@50C GPU@45C AO@60.5C thermal@47C
RAM 2433/3964MB (lfb 108x4MB) SWAP 70/6078MB (cached 1MB) CPU [22%@1479,6%@1479,2%@1479,4%@1479] EMC_FREQ 0% GR3D_FREQ 99% PLL@44C CPU@49C PMIC@50C GPU@45C AO@60.5C thermal@47.25C
RAM 2433/3964MB (lfb 108x4MB) SWAP 70/6078MB (cached 1MB) CPU [13%@1224,4%@1224,10%@1224,7%@1224] EMC_FREQ 0% GR3D_FREQ 99% PLL@44.5C CPU@49.5C PMIC@50C GPU@45.5C AO@60.5C thermal@47C
RAM 2433/3964MB (lfb 108x4MB) SWAP 70/6078MB (cached 1MB) CPU [25%@1224,3%@1224,3%@1224,8%@1224] EMC_FREQ 0% GR3D_FREQ 99% PLL@45C CPU@49C PMIC@50C GPU@45.5C AO@60.5C thermal@47.25C
RAM 2433/3964MB (lfb 108x4MB) SWAP 70/6078MB (cached 1MB) CPU [24%@1224,2%@1224,3%@1224,7%@1224] EMC_FREQ 0% GR3D_FREQ 99% PLL@44.5C CPU@49.5C PMIC@50C GPU@45.5C AO@61C thermal@47.25C
RAM 2434/3964MB (lfb 108x4MB) SWAP 70/6078MB (cached 1MB) CPU [25%@1224,5%@1224,6%@1224,4%@1224] EMC_FREQ 0% GR3D_FREQ 99% PLL@44.5C CPU@49C PMIC@50C GPU@45.5C AO@61C thermal@47.25C
RAM 2433/3964MB (lfb 108x4MB) SWAP 70/6078MB (cached 1MB) CPU [15%@1224,15%@1224,2%@1224,4%@1224] EMC_FREQ 0% GR3D_FREQ 99% PLL@45C CPU@49.5C PMIC@50C GPU@45.5C AO@60.5C thermal@47.25C
RAM 2433/3964MB (lfb 108x4MB) SWAP 70/6078MB (cached 1MB) CPU [22%@1224,8%@1224,4%@1224,4%@1224] EMC_FREQ 0% GR3D_FREQ 99% PLL@45C CPU@49.5C PMIC@50C GPU@45.5C AO@61C thermal@47.25C
RAM 2433/3964MB (lfb 108x4MB) SWAP 70/6078MB (cached 1MB) CPU [15%@1224,12%@1224,6%@1224,3%@1224] EMC_FREQ 0% GR3D_FREQ 99% PLL@45C CPU@49C PMIC@50C GPU@45.5C AO@60.5C thermal@47.25C
RAM 2433/3964MB (lfb 108x4MB) SWAP 70/6078MB (cached 1MB) CPU [16%@1224,11%@1224,3%@1224,6%@1224] EMC_FREQ 0% GR3D_FREQ 99% PLL@45C CPU@49.5C PMIC@50C GPU@46C AO@60.5C thermal@47.5C
RAM 2433/3964MB (lfb 108x4MB) SWAP 70/6078MB (cached 1MB) CPU [4%@1326,23%@1326,2%@1326,4%@1326] EMC_FREQ 0% GR3D_FREQ 99% PLL@45C CPU@49.5C PMIC@50C GPU@45.5C AO@60.5C thermal@47.5C
RAM 2433/3964MB (lfb 108x4MB) SWAP 70/6078MB (cached 1MB) CPU [4%@1224,27%@1224,3%@1224,4%@1224] EMC_FREQ 0% GR3D_FREQ 99% PLL@45.5C CPU@49.5C PMIC@50C GPU@46C AO@61C thermal@47.5C
RAM 2433/3964MB (lfb 108x4MB) SWAP 70/6078MB (cached 1MB) CPU [4%@1224,12%@1224,4%@1224,19%@1224] EMC_FREQ 0% GR3D_FREQ 99% PLL@45C CPU@49.5C PMIC@50C GPU@45.5C AO@61C thermal@47.5C
RAM 2433/3964MB (lfb 108x4MB) SWAP 70/6078MB (cached 1MB) CPU [5%@1479,17%@1479,2%@1479,10%@1479] EMC_FREQ 0% GR3D_FREQ 99% PLL@45.5C CPU@49.5C PMIC@50C GPU@45.5C AO@61C thermal@47.75C
RAM 2433/3964MB (lfb 108x4MB) SWAP 70/6078MB (cached 1MB) CPU [7%@1326,16%@1326,8%@1326,7%@1326] EMC_FREQ 0% GR3D_FREQ 99% PLL@45C CPU@50C PMIC@50C GPU@45.5C AO@61C thermal@48C
RAM 2433/3964MB (lfb 108x4MB) SWAP 70/6078MB (cached 1MB) CPU [5%@1326,13%@1326,5%@1326,14%@1326] EMC_FREQ 0% GR3D_FREQ 99% PLL@45C CPU@50C PMIC@50C GPU@46C AO@61C thermal@48C
RAM 2433/3964MB (lfb 108x4MB) SWAP 70/6078MB (cached 1MB) CPU [3%@1326,5%@1479,6%@1479,19%@1479] EMC_FREQ 0% GR3D_FREQ 99% PLL@45C CPU@50C PMIC@50C GPU@46C AO@61C thermal@48C
RAM 2433/3964MB (lfb 108x4MB) SWAP 70/6078MB (cached 1MB) CPU [12%@1479,11%@1479,5%@1479,6%@1479] EMC_FREQ 0% GR3D_FREQ 99% PLL@45.5C CPU@50C PMIC@50C GPU@46C AO@61.5C thermal@48C
RAM 2433/3964MB (lfb 108x4MB) SWAP 70/6078MB (cached 1MB) CPU [23%@1479,2%@1479,2%@1479,7%@1479] EMC_FREQ 0% GR3D_FREQ 99% PLL@45.5C CPU@50C PMIC@50C GPU@46C AO@61.5C thermal@47.75C
RAM 2433/3964MB (lfb 108x4MB) SWAP 70/6078MB (cached 1MB) CPU [6%@1479,1%@1479,4%@1479,19%@1479] EMC_FREQ 0% GR3D_FREQ 99% PLL@45C CPU@50C PMIC@50C GPU@46C AO@61.5C thermal@48C
RAM 2433/3964MB (lfb 108x4MB) SWAP 70/6078MB (cached 1MB) CPU [22%@1479,7%@1479,4%@1479,5%@1479] EMC_FREQ 0% GR3D_FREQ 99% PLL@45.5C CPU@50C PMIC@50C GPU@46C AO@61.5C thermal@48C
RAM 2433/3964MB (lfb 108x4MB) SWAP 70/6078MB (cached 1MB) CPU [27%@1479,2%@1479,3%@1479,5%@1479] EMC_FREQ 0% GR3D_FREQ 99% PLL@45.5C CPU@50C PMIC@50C GPU@46.5C AO@62C thermal@48.25C
RAM 2433/3964MB (lfb 108x4MB) SWAP 70/6078MB (cached 1MB) CPU [8%@1224,17%@1224,5%@1224,2%@1224] EMC_FREQ 0% GR3D_FREQ 99% PLL@45.5C CPU@50C PMIC@50C GPU@46C AO@61.5C thermal@48.25C
RAM 2433/3964MB (lfb 108x4MB) SWAP 70/6078MB (cached 1MB) CPU [12%@1479,16%@1479,4%@1479,1%@1479] EMC_FREQ 0% GR3D_FREQ 99% PLL@45.5C CPU@50.5C PMIC@50C GPU@46C AO@61.5C thermal@48.25C
RAM 2433/3964MB (lfb 108x4MB) SWAP 70/6078MB (cached 1MB) CPU [9%@1224,7%@1224,16%@1224,7%@1224] EMC_FREQ 0% GR3D_FREQ 99% PLL@45.5C CPU@50.5C PMIC@50C GPU@46.5C AO@61.5C thermal@48.25C
RAM 2433/3964MB (lfb 108x4MB) SWAP 70/6078MB (cached 1MB) CPU [14%@1479,4%@1224,5%@1224,18%@1224] EMC_FREQ 0% GR3D_FREQ 99% PLL@45.5C CPU@50C PMIC@50C GPU@46C AO@62C thermal@48.5C
RAM 2433/3964MB (lfb 108x4MB) SWAP 70/6078MB (cached 1MB) CPU [10%@1224,3%@1224,16%@1224,7%@1224] EMC_FREQ 0% GR3D_FREQ 99% PLL@45.5C CPU@50C PMIC@50C GPU@46.5C AO@62C thermal@48.25C
RAM 2433/3964MB (lfb 108x4MB) SWAP 70/6078MB (cached 1MB) CPU [16%@1224,8%@1224,9%@1224,4%@1224] EMC_FREQ 0% GR3D_FREQ 99% PLL@45.5C CPU@50.5C PMIC@50C GPU@46.5C AO@62C thermal@48.5C
RAM 2433/3964MB (lfb 108x4MB) SWAP 70/6078MB (cached 1MB) CPU [14%@1224,19%@1224,4%@1224,6%@1224] EMC_FREQ 0% GR3D_FREQ 99% PLL@45.5C CPU@50.5C PMIC@50C GPU@46.5C AO@62.5C thermal@48.5C
RAM 2433/3964MB (lfb 108x4MB) SWAP 70/6078MB (cached 1MB) CPU [8%@1479,19%@1479,4%@1479,3%@1479] EMC_FREQ 0% GR3D_FREQ 99% PLL@46C CPU@50.5C PMIC@50C GPU@47C AO@62.5C thermal@48.5C
RAM 2434/3964MB (lfb 108x4MB) SWAP 70/6078MB (cached 1MB) CPU [6%@1479,20%@1479,2%@1479,5%@1479] EMC_FREQ 0% GR3D_FREQ 99% PLL@46C CPU@51C PMIC@50C GPU@46.5C AO@62.5C thermal@48.5C
RAM 2433/3964MB (lfb 108x4MB) SWAP 70/6078MB (cached 1MB) CPU [2%@1479,26%@1479,4%@1479,2%@1479] EMC_FREQ 0% GR3D_FREQ 99% PLL@46C CPU@51C PMIC@50C GPU@46.5C AO@62.5C thermal@48.75C
RAM 2433/3964MB (lfb 108x4MB) SWAP 70/6078MB (cached 1MB) CPU [6%@1224,24%@1224,4%@1224,4%@1224] EMC_FREQ 0% GR3D_FREQ 99% PLL@45.5C CPU@51C PMIC@50C GPU@46.5C AO@62.5C thermal@48.75C
RAM 2433/3964MB (lfb 108x4MB) SWAP 70/6078MB (cached 1MB) CPU [12%@1224,13%@1224,4%@1224,8%@1224] EMC_FREQ 0% GR3D_FREQ 99% PLL@46C CPU@51C PMIC@50C GPU@46.5C AO@62.5C thermal@48.75C
RAM 2433/3964MB (lfb 108x4MB) SWAP 70/6078MB (cached 1MB) CPU [28%@1479,2%@1479,4%@1479,4%@1479] EMC_FREQ 0% GR3D_FREQ 99% PLL@46.5C CPU@51C PMIC@50C GPU@47C AO@62.5C thermal@48.75C
RAM 2433/3964MB (lfb 108x4MB) SWAP 70/6078MB (cached 1MB) CPU [14%@1479,3%@1479,8%@1479,10%@1479] EMC_FREQ 0% GR3D_FREQ 99% PLL@46C CPU@50.5C PMIC@50C GPU@47C AO@62.5C thermal@48.75C
RAM 2433/3964MB (lfb 108x4MB) SWAP 70/6078MB (cached 1MB) CPU [17%@1479,3%@1479,14%@1479,3%@1479] EMC_FREQ 0% GR3D_FREQ 99% PLL@46C CPU@50.5C PMIC@50C GPU@47C AO@62.5C thermal@48.75C
RAM 2433/3964MB (lfb 108x4MB) SWAP 70/6078MB (cached 1MB) CPU [18%@1224,2%@1224,6%@1224,8%@1224] EMC_FREQ 0% GR3D_FREQ 99% PLL@46.5C CPU@50.5C PMIC@50C GPU@47C AO@63C thermal@49C
RAM 2433/3964MB (lfb 108x4MB) SWAP 70/6078MB (cached 1MB) CPU [10%@1224,19%@1224,3%@1224,3%@1224] EMC_FREQ 0% GR3D_FREQ 99% PLL@46C CPU@51C PMIC@50C GPU@47C AO@63C thermal@48.75C
RAM 2433/3964MB (lfb 108x4MB) SWAP 70/6078MB (cached 1MB) CPU [12%@1224,10%@1224,12%@1224,6%@1224] EMC_FREQ 0% GR3D_FREQ 99% PLL@46.5C CPU@51C PMIC@50C GPU@47C AO@62.5C thermal@49C
RAM 2433/3964MB (lfb 108x4MB) SWAP 70/6078MB (cached 1MB) CPU [8%@1224,4%@1224,17%@1224,3%@1224] EMC_FREQ 0% GR3D_FREQ 99% PLL@46.5C CPU@51C PMIC@50C GPU@47C AO@62.5C thermal@49C
RAM 2433/3964MB (lfb 108x4MB) SWAP 70/6078MB (cached 1MB) CPU [10%@1224,11%@1224,12%@1224,5%@1224] EMC_FREQ 0% GR3D_FREQ 99% PLL@46C CPU@51C PMIC@50C GPU@47C AO@62.5C thermal@49C
RAM 2433/3964MB (lfb 108x4MB) SWAP 70/6078MB (cached 1MB) CPU [14%@1224,9%@1224,4%@1224,13%@1224] EMC_FREQ 0% GR3D_FREQ 99% PLL@47C CPU@51C PMIC@50C GPU@47C AO@63C thermal@49C
RAM 2433/3964MB (lfb 108x4MB) SWAP 70/6078MB (cached 1MB) CPU [21%@1224,8%@1224,4%@1224,6%@1224] EMC_FREQ 0% GR3D_FREQ 99% PLL@46.5C CPU@51C PMIC@50C GPU@47C AO@63C thermal@49C
RAM 2433/3964MB (lfb 108x4MB) SWAP 70/6078MB (cached 1MB) CPU [22%@1224,3%@1224,9%@1224,5%@1224] EMC_FREQ 0% GR3D_FREQ 99% PLL@46.5C CPU@51C PMIC@50C GPU@47C AO@62.5C thermal@49C
RAM 2433/3964MB (lfb 108x4MB) SWAP 70/6078MB (cached 1MB) CPU [14%@1224,12%@1224,5%@1224,2%@1224] EMC_FREQ 0% GR3D_FREQ 99% PLL@46.5C CPU@51C PMIC@50C GPU@47C AO@63C thermal@49C
RAM 2433/3964MB (lfb 108x4MB) SWAP 70/6078MB (cached 1MB) CPU [5%@1224,18%@1224,7%@1224,5%@1224] EMC_FREQ 0% GR3D_FREQ 99% PLL@46.5C CPU@51C PMIC@50C GPU@47.5C AO@63C thermal@49.25C
RAM 2433/3964MB (lfb 108x4MB) SWAP 70/6078MB (cached 1MB) CPU [3%@1479,23%@1479,8%@1479,4%@1479] EMC_FREQ 0% GR3D_FREQ 99% PLL@46.5C CPU@51C PMIC@50C GPU@47.5C AO@63C thermal@49.25C
RAM 2433/3964MB (lfb 108x4MB) SWAP 70/6078MB (cached 1MB) CPU [6%@1479,24%@1479,7%@1479,5%@1479] EMC_FREQ 0% GR3D_FREQ 99% PLL@47C CPU@51C PMIC@50C GPU@47.5C AO@63C thermal@49.5C
RAM 2433/3964MB (lfb 108x4MB) SWAP 70/6078MB (cached 1MB) CPU [5%@1224,15%@1224,12%@1224,4%@1224] EMC_FREQ 0% GR3D_FREQ 99% PLL@47C CPU@51C PMIC@50C GPU@47C AO@63C thermal@49.25C
RAM 2433/3964MB (lfb 108x4MB) SWAP 70/6078MB (cached 1MB) CPU [4%@1224,16%@1224,10%@1224,9%@1224] EMC_FREQ 0% GR3D_FREQ 99% PLL@47C CPU@51.5C PMIC@50C GPU@47.5C AO@63C thermal@49.25C
RAM 2433/3964MB (lfb 108x4MB) SWAP 70/6078MB (cached 1MB) CPU [4%@1224,13%@1224,12%@1224,8%@1224] EMC_FREQ 0% GR3D_FREQ 99% PLL@47C CPU@51C PMIC@50C GPU@47.5C AO@63C thermal@49.5C
RAM 2433/3964MB (lfb 108x4MB) SWAP 70/6078MB (cached 1MB) CPU [4%@1224,12%@1224,7%@1224,16%@1224] EMC_FREQ 0% GR3D_FREQ 99% PLL@47C CPU@51.5C PMIC@50C GPU@47.5C AO@63C thermal@49.5C
RAM 2433/3964MB (lfb 108x4MB) SWAP 70/6078MB (cached 1MB) CPU [3%@1224,11%@1224,12%@1224,12%@1224] EMC_FREQ 0% GR3D_FREQ 99% PLL@47C CPU@51.5C PMIC@50C GPU@47C AO@63C thermal@49.5C
RAM 2433/3964MB (lfb 108x4MB) SWAP 70/6078MB (cached 1MB) CPU [7%@1224,14%@1224,13%@1224,9%@1224] EMC_FREQ 0% GR3D_FREQ 99% PLL@47C CPU@51.5C PMIC@50C GPU@47.5C AO@63C thermal@49.5C
RAM 2433/3964MB (lfb 108x4MB) SWAP 70/6078MB (cached 1MB) CPU [3%@1479,23%@1479,4%@1479,4%@1479] EMC_FREQ 0% GR3D_FREQ 99% PLL@47C CPU@51.5C PMIC@50C GPU@47.5C AO@62.5C thermal@49.5C
RAM 2433/3964MB (lfb 108x4MB) SWAP 70/6078MB (cached 1MB) CPU [5%@1224,15%@1224,5%@1224,14%@1224] EMC_FREQ 0% GR3D_FREQ 99% PLL@47.5C CPU@51.5C PMIC@50C GPU@48C AO@63.5C thermal@49.75C
RAM 2433/3964MB (lfb 108x4MB) SWAP 70/6078MB (cached 1MB) CPU [5%@1479,11%@1479,2%@1479,17%@1479] EMC_FREQ 0% GR3D_FREQ 99% PLL@47C CPU@51.5C PMIC@50C GPU@47.5C AO@63C thermal@49.5C
RAM 2434/3964MB (lfb 108x4MB) SWAP 70/6078MB (cached 1MB) CPU [2%@1479,8%@1479,7%@1479,20%@1479] EMC_FREQ 0% GR3D_FREQ 99% PLL@47C CPU@52C PMIC@50C GPU@48C AO@63C thermal@49.75C
RAM 2433/3964MB (lfb 108x4MB) SWAP 70/6078MB (cached 1MB) CPU [8%@1479,14%@1479,10%@1479,6%@1479] EMC_FREQ 0% GR3D_FREQ 99% PLL@47C CPU@52C PMIC@50C GPU@48C AO@63.5C thermal@50C
RAM 2433/3964MB (lfb 108x4MB) SWAP 70/6078MB (cached 1MB) CPU [5%@1479,18%@1479,11%@1479,2%@1479] EMC_FREQ 0% GR3D_FREQ 99% PLL@47C CPU@51.5C PMIC@50C GPU@48C AO@63.5C thermal@50C
RAM 2433/3964MB (lfb 108x4MB) SWAP 70/6078MB (cached 1MB) CPU [3%@1479,21%@1479,8%@1479,7%@1479] EMC_FREQ 0% GR3D_FREQ 99% PLL@47.5C CPU@52C PMIC@50C GPU@48C AO@63.5C thermal@50C
RAM 2433/3964MB (lfb 108x4MB) SWAP 70/6078MB (cached 1MB) CPU [2%@1479,22%@1479,5%@1479,9%@1479] EMC_FREQ 0% GR3D_FREQ 99% PLL@47.5C CPU@52C PMIC@50C GPU@48C AO@63C thermal@50C
RAM 2433/3964MB (lfb 108x4MB) SWAP 70/6078MB (cached 1MB) CPU [5%@1224,9%@1224,8%@1224,13%@1224] EMC_FREQ 0% GR3D_FREQ 99% PLL@47C CPU@52C PMIC@50C GPU@48C AO@63C thermal@50C
RAM 2433/3964MB (lfb 108x4MB) SWAP 70/6078MB (cached 1MB) CPU [5%@1224,16%@1224,4%@1224,15%@1224] EMC_FREQ 0% GR3D_FREQ 99% PLL@47C CPU@52C PMIC@50C GPU@48C AO@63.5C thermal@50C
RAM 2433/3964MB (lfb 108x4MB) SWAP 70/6078MB (cached 1MB) CPU [7%@1428,19%@1428,5%@1428,9%@1428] EMC_FREQ 0% GR3D_FREQ 99% PLL@47.5C CPU@52C PMIC@50C GPU@48C AO@63.5C thermal@50C
RAM 2433/3964MB (lfb 108x4MB) SWAP 70/6078MB (cached 1MB) CPU [3%@1224,15%@1224,4%@1224,15%@1224] EMC_FREQ 0% GR3D_FREQ 99% PLL@47.5C CPU@52C PMIC@50C GPU@48C AO@63.5C thermal@50C
RAM 2433/3964MB (lfb 108x4MB) SWAP 70/6078MB (cached 1MB) CPU [3%@1224,9%@1224,7%@1224,19%@1224] EMC_FREQ 0% GR3D_FREQ 99% PLL@47.5C CPU@52C PMIC@50C GPU@48.5C AO@63.5C thermal@50C
RAM 2433/3964MB (lfb 108x4MB) SWAP 70/6078MB (cached 1MB) CPU [5%@1224,15%@1224,7%@1224,9%@1224] EMC_FREQ 0% GR3D_FREQ 99% PLL@47.5C CPU@52C PMIC@50C GPU@48C AO@63.5C thermal@50.25C
RAM 2433/3964MB (lfb 108x4MB) SWAP 70/6078MB (cached 1MB) CPU [4%@1224,12%@1224,4%@1224,17%@1224] EMC_FREQ 0% GR3D_FREQ 99% PLL@47.5C CPU@52.5C PMIC@50C GPU@48C AO@63.5C thermal@50.25C
RAM 2433/3964MB (lfb 108x4MB) SWAP 70/6078MB (cached 1MB) CPU [9%@1224,21%@1224,3%@1224,3%@1224] EMC_FREQ 0% GR3D_FREQ 99% PLL@48C CPU@52.5C PMIC@50C GPU@48C AO@64C thermal@50.5C
RAM 2433/3964MB (lfb 108x4MB) SWAP 70/6078MB (cached 1MB) CPU [6%@1479,21%@1479,9%@1479,4%@1479] EMC_FREQ 0% GR3D_FREQ 99% PLL@48C CPU@52.5C PMIC@50C GPU@48C AO@64C thermal@50.5C
RAM 2433/3964MB (lfb 108x4MB) SWAP 70/6078MB (cached 1MB) CPU [7%@1224,16%@1224,3%@1224,10%@1224] EMC_FREQ 0% GR3D_FREQ 99% PLL@48C CPU@52C PMIC@50C GPU@48.5C AO@64C thermal@50.25C
RAM 2433/3964MB (lfb 108x4MB) SWAP 70/6078MB (cached 1MB) CPU [9%@1224,21%@1224,7%@1224,4%@1224] EMC_FREQ 0% GR3D_FREQ 99% PLL@47.5C CPU@52.5C PMIC@50C GPU@48C AO@64C thermal@50.5C
RAM 2433/3964MB (lfb 108x4MB) SWAP 70/6078MB (cached 1MB) CPU [5%@1224,20%@1224,3%@1224,6%@1224] EMC_FREQ 0% GR3D_FREQ 99% PLL@48C CPU@52.5C PMIC@50C GPU@48.5C AO@64C thermal@50.25C
RAM 2433/3964MB (lfb 108x4MB) SWAP 70/6078MB (cached 1MB) CPU [3%@1224,14%@1224,17%@1224,6%@1224] EMC_FREQ 0% GR3D_FREQ 99% PLL@48C CPU@52C PMIC@50C GPU@48.5C AO@64C thermal@50.5C
RAM 2433/3964MB (lfb 108x4MB) SWAP 70/6078MB (cached 1MB) CPU [7%@1224,9%@1224,6%@1224,15%@1224] EMC_FREQ 0% GR3D_FREQ 99% PLL@48C CPU@52.5C PMIC@50C GPU@48.5C AO@64C thermal@50.5C
RAM 2433/3964MB (lfb 108x4MB) SWAP 70/6078MB (cached 1MB) CPU [11%@1479,10%@1224,4%@1224,10%@1224] EMC_FREQ 0% GR3D_FREQ 99% PLL@47.5C CPU@52.5C PMIC@50C GPU@48.5C AO@64.5C thermal@50.5C
RAM 2433/3964MB (lfb 108x4MB) SWAP 70/6078MB (cached 1MB) CPU [28%@1479,2%@1479,3%@1479,2%@1479] EMC_FREQ 0% GR3D_FREQ 99% PLL@48C CPU@52.5C PMIC@50C GPU@48.5C AO@64.5C thermal@50.5C
RAM 2433/3964MB (lfb 108x4MB) SWAP 70/6078MB (cached 1MB) CPU [10%@1224,8%@1224,14%@1224,2%@1224] EMC_FREQ 0% GR3D_FREQ 99% PLL@48C CPU@52.5C PMIC@50C GPU@48.5C AO@64.5C thermal@50.5C
RAM 2433/3964MB (lfb 108x4MB) SWAP 70/6078MB (cached 1MB) CPU [18%@1224,7%@1224,7%@1224,7%@1224] EMC_FREQ 0% GR3D_FREQ 99% PLL@48C CPU@52.5C PMIC@50C GPU@48.5C AO@64.5C thermal@50.75C
RAM 2433/3964MB (lfb 108x4MB) SWAP 70/6078MB (cached 1MB) CPU [12%@1224,11%@1224,11%@1224,4%@1224] EMC_FREQ 0% GR3D_FREQ 99% PLL@48C CPU@53C PMIC@50C GPU@48.5C AO@64.5C thermal@50.75C
RAM 2433/3964MB (lfb 108x4MB) SWAP 70/6078MB (cached 1MB) CPU [15%@1224,7%@1224,6%@1224,10%@1224] EMC_FREQ 0% GR3D_FREQ 99% PLL@48C CPU@52.5C PMIC@50C GPU@48.5C AO@65C thermal@50.5C
RAM 2433/3964MB (lfb 108x4MB) SWAP 70/6078MB (cached 1MB) CPU [8%@1224,10%@1224,15%@1224,3%@1224] EMC_FREQ 0% GR3D_FREQ 99% PLL@47.5C CPU@53C PMIC@50C GPU@48.5C AO@64.5C thermal@50.75C
RAM 2433/3964MB (lfb 108x4MB) SWAP 70/6078MB (cached 1MB) CPU [17%@1224,13%@1224,4%@1224,3%@1224] EMC_FREQ 0% GR3D_FREQ 99% PLL@48C CPU@53C PMIC@50C GPU@48.5C AO@64.5C thermal@50.75C
RAM 2433/3964MB (lfb 108x4MB) SWAP 70/6078MB (cached 1MB) CPU [10%@1224,4%@1224,13%@1224,10%@1224] EMC_FREQ 0% GR3D_FREQ 99% PLL@48.5C CPU@53C PMIC@50C GPU@49.5C AO@65C thermal@51C
RAM 2433/3964MB (lfb 108x4MB) SWAP 70/6078MB (cached 1MB) CPU [16%@1224,11%@1224,4%@1224,9%@1224] EMC_FREQ 0% GR3D_FREQ 99% PLL@48.5C CPU@53C PMIC@50C GPU@49C AO@64.5C thermal@50.75C
RAM 2433/3964MB (lfb 108x4MB) SWAP 70/6078MB (cached 1MB) CPU [7%@1224,15%@1224,5%@1224,7%@1224] EMC_FREQ 0% GR3D_FREQ 99% PLL@48.5C CPU@53C PMIC@50C GPU@49C AO@64.5C thermal@50.75C
RAM 2433/3964MB (lfb 108x4MB) SWAP 70/6078MB (cached 1MB) CPU [13%@1224,18%@1224,7%@1224,6%@1224] EMC_FREQ 0% GR3D_FREQ 99% PLL@48C CPU@53C PMIC@50C GPU@49C AO@65C thermal@51C
RAM 2433/3964MB (lfb 108x4MB) SWAP 70/6078MB (cached 1MB) CPU [11%@1224,12%@1224,7%@1224,5%@1224] EMC_FREQ 0% GR3D_FREQ 99% PLL@48.5C CPU@53C PMIC@50C GPU@49.5C AO@64.5C thermal@50.75C
RAM 2433/3964MB (lfb 108x4MB) SWAP 70/6078MB (cached 1MB) CPU [22%@1224,9%@1224,2%@1224,4%@1224] EMC_FREQ 0% GR3D_FREQ 99% PLL@48.5C CPU@53C PMIC@50C GPU@49C AO@64.5C thermal@50.75C
RAM 2433/3964MB (lfb 108x4MB) SWAP 70/6078MB (cached 1MB) CPU [17%@1224,5%@1224,12%@1224,5%@1224] EMC_FREQ 0% GR3D_FREQ 99% PLL@48.5C CPU@53C PMIC@50C GPU@49C AO@65C thermal@51C
RAM 2433/3964MB (lfb 108x4MB) SWAP 70/6078MB (cached 1MB) CPU [29%@1224,5%@1224,2%@1224,4%@1224] EMC_FREQ 0% GR3D_FREQ 99% PLL@48.5C CPU@53.5C PMIC@50C GPU@49.5C AO@65C thermal@51C
RAM 2433/3964MB (lfb 108x4MB) SWAP 70/6078MB (cached 1MB) CPU [21%@1224,5%@1224,2%@1224,5%@1224] EMC_FREQ 0% GR3D_FREQ 99% PLL@48.5C CPU@53.5C PMIC@50C GPU@49C AO@65.5C thermal@51.5C
RAM 2433/3964MB (lfb 108x4MB) SWAP 70/6078MB (cached 1MB) CPU [11%@1224,7%@1224,2%@1224,16%@1224] EMC_FREQ 0% GR3D_FREQ 99% PLL@48.5C CPU@53.5C PMIC@50C GPU@49C AO@65C thermal@51.5C
RAM 2433/3964MB (lfb 108x4MB) SWAP 70/6078MB (cached 1MB) CPU [20%@1224,4%@1224,8%@1224,3%@1224] EMC_FREQ 0% GR3D_FREQ 99% PLL@48.5C CPU@53.5C PMIC@50C GPU@49.5C AO@65C thermal@51.5C
RAM 2433/3964MB (lfb 108x4MB) SWAP 70/6078MB (cached 1MB) CPU [28%@1224,3%@1224,3%@1224,6%@1224] EMC_FREQ 0% GR3D_FREQ 99% PLL@48.5C CPU@53.5C PMIC@50C GPU@49.5C AO@65.5C thermal@51.25C
RAM 2433/3964MB (lfb 108x4MB) SWAP 70/6078MB (cached 1MB) CPU [16%@1224,7%@1224,5%@1224,6%@1224] EMC_FREQ 0% GR3D_FREQ 99% PLL@49C CPU@53.5C PMIC@50C GPU@49.5C AO@65.5C thermal@51.25C
RAM 2433/3964MB (lfb 108x4MB) SWAP 70/6078MB (cached 1MB) CPU [20%@1224,9%@1224,4%@1224,5%@1224] EMC_FREQ 0% GR3D_FREQ 99% PLL@48.5C CPU@53.5C PMIC@50C GPU@49.5C AO@65C thermal@51.25C
RAM 2433/3964MB (lfb 108x4MB) SWAP 70/6078MB (cached 1MB) CPU [26%@1224,7%@1224,2%@1224,4%@1224] EMC_FREQ 0% GR3D_FREQ 99% PLL@48.5C CPU@53.5C PMIC@50C GPU@49.5C AO@65.5C thermal@51.5C
RAM 2433/3964MB (lfb 108x4MB) SWAP 70/6078MB (cached 1MB) CPU [16%@1224,17%@1224,4%@1224,4%@1224] EMC_FREQ 0% GR3D_FREQ 99% PLL@48.5C CPU@53.5C PMIC@50C GPU@49.5C AO@65.5C thermal@51.5C
RAM 2433/3964MB (lfb 108x4MB) SWAP 70/6078MB (cached 1MB) CPU [21%@1224,6%@1224,7%@1224,6%@1224] EMC_FREQ 0% GR3D_FREQ 99% PLL@48.5C CPU@53.5C PMIC@50C GPU@49.5C AO@65.5C thermal@51.25C
RAM 2433/3964MB (lfb 108x4MB) SWAP 70/6078MB (cached 1MB) CPU [13%@1224,5%@1224,15%@1224,5%@1224] EMC_FREQ 0% GR3D_FREQ 99% PLL@49C CPU@53.5C PMIC@50C GPU@49.5C AO@65.5C thermal@51.25C
RAM 2433/3964MB (lfb 108x4MB) SWAP 70/6078MB (cached 1MB) CPU [8%@1224,2%@1224,14%@1224,10%@1224] EMC_FREQ 0% GR3D_FREQ 99% PLL@49C CPU@53.5C PMIC@50C GPU@49.5C AO@65.5C thermal@51.5C
RAM 2433/3964MB (lfb 108x4MB) SWAP 70/6078MB (cached 1MB) CPU [23%@1224,4%@1224,3%@1224,10%@1224] EMC_FREQ 0% GR3D_FREQ 99% PLL@49C CPU@53.5C PMIC@50C GPU@49.5C AO@65.5C thermal@51.75C
RAM 2433/3964MB (lfb 108x4MB) SWAP 70/6078MB (cached 1MB) CPU [14%@1224,4%@1224,2%@1224,13%@1224] EMC_FREQ 0% GR3D_FREQ 99% PLL@48.5C CPU@53.5C PMIC@50C GPU@49.5C AO@65.5C thermal@51.5C
RAM 2433/3964MB (lfb 108x4MB) SWAP 70/6078MB (cached 1MB) CPU [25%@1224,4%@1224,1%@1224,7%@1224] EMC_FREQ 0% GR3D_FREQ 99% PLL@49C CPU@54C PMIC@50C GPU@49.5C AO@66C thermal@51.5C
RAM 2433/3964MB (lfb 108x4MB) SWAP 70/6078MB (cached 1MB) CPU [28%@1224,5%@1224,2%@1224,5%@1224] EMC_FREQ 0% GR3D_FREQ 99% PLL@49C CPU@54C PMIC@50C GPU@49.5C AO@66C thermal@51.75C
RAM 2433/3964MB (lfb 108x4MB) SWAP 70/6078MB (cached 1MB) CPU [22%@1224,7%@1224,4%@1224,6%@1224] EMC_FREQ 0% GR3D_FREQ 99% PLL@49C CPU@54C PMIC@50C GPU@50C AO@65.5C thermal@51.75C
RAM 2433/3964MB (lfb 108x4MB) SWAP 70/6078MB (cached 1MB) CPU [12%@1224,10%@1224,12%@1224,3%@1224] EMC_FREQ 0% GR3D_FREQ 99% PLL@49C CPU@54C PMIC@50C GPU@50C AO@66C thermal@51.75C
RAM 2433/3964MB (lfb 108x4MB) SWAP 70/6078MB (cached 1MB) CPU [14%@1224,2%@1224,7%@1224,15%@1224] EMC_FREQ 0% GR3D_FREQ 99% PLL@49C CPU@54C PMIC@50C GPU@50C AO@65.5C thermal@51.75C
RAM 2433/3964MB (lfb 108x4MB) SWAP 70/6078MB (cached 1MB) CPU [16%@1224,6%@1224,4%@1224,12%@1224] EMC_FREQ 0% GR3D_FREQ 99% PLL@49.5C CPU@53.5C PMIC@50C GPU@50C AO@66C thermal@51.75C
RAM 2433/3964MB (lfb 108x4MB) SWAP 70/6078MB (cached 1MB) CPU [12%@1224,9%@1224,15%@1224,5%@1224] EMC_FREQ 0% GR3D_FREQ 99% PLL@49.5C CPU@54C PMIC@50C GPU@49.5C AO@66C thermal@52C
RAM 2433/3964MB (lfb 108x4MB) SWAP 70/6078MB (cached 1MB) CPU [11%@1224,3%@1224,20%@1224,0%@1224] EMC_FREQ 0% GR3D_FREQ 99% PLL@49C CPU@54C PMIC@50C GPU@50C AO@66C thermal@51.75C
RAM 2434/3964MB (lfb 108x4MB) SWAP 70/6078MB (cached 1MB) CPU [10%@1224,4%@1224,19%@1224,4%@1224] EMC_FREQ 0% GR3D_FREQ 99% PLL@49C CPU@54C PMIC@50C GPU@50C AO@65.5C thermal@51.75C
RAM 2434/3964MB (lfb 108x4MB) SWAP 70/6078MB (cached 1MB) CPU [14%@1224,3%@1224,17%@1224,3%@1224] EMC_FREQ 0% GR3D_FREQ 99% PLL@49C CPU@53.5C PMIC@50C GPU@50C AO@65.5C thermal@52C
RAM 2434/3964MB (lfb 108x4MB) SWAP 70/6078MB (cached 1MB) CPU [28%@1224,2%@1224,1%@1224,4%@1224] EMC_FREQ 0% GR3D_FREQ 99% PLL@49.5C CPU@54C PMIC@50C GPU@50C AO@66C thermal@52C
RAM 2434/3964MB (lfb 108x4MB) SWAP 70/6078MB (cached 1MB) CPU [16%@1224,9%@1224,3%@1224,8%@1224] EMC_FREQ 0% GR3D_FREQ 99% PLL@49.5C CPU@54C PMIC@50C GPU@50C AO@65.5C thermal@52C
RAM 2434/3964MB (lfb 108x4MB) SWAP 70/6078MB (cached 1MB) CPU [13%@1224,13%@1224,7%@1224,13%@1224] EMC_FREQ 0% GR3D_FREQ 99% PLL@49.5C CPU@54C PMIC@50C GPU@50C AO@66C thermal@52C
RAM 2434/3964MB (lfb 108x4MB) SWAP 70/6078MB (cached 1MB) CPU [18%@1224,7%@1224,8%@1224,5%@1224] EMC_FREQ 0% GR3D_FREQ 99% PLL@49.5C CPU@54C PMIC@50C GPU@50C AO@66C thermal@52C
RAM 2434/3964MB (lfb 108x4MB) SWAP 70/6078MB (cached 1MB) CPU [10%@1224,17%@1224,7%@1224,4%@1224] EMC_FREQ 0% GR3D_FREQ 99% PLL@49.5C CPU@54.5C PMIC@50C GPU@50C AO@66C thermal@52C
RAM 2434/3964MB (lfb 108x4MB) SWAP 70/6078MB (cached 1MB) CPU [10%@1224,2%@1224,21%@1224,5%@1224] EMC_FREQ 0% GR3D_FREQ 99% PLL@49.5C CPU@54C PMIC@50C GPU@50C AO@65.5C thermal@52C
RAM 2434/3964MB (lfb 108x4MB) SWAP 70/6078MB (cached 1MB) CPU [28%@1224,4%@1224,2%@1224,5%@1224] EMC_FREQ 0% GR3D_FREQ 99% PLL@49.5C CPU@54.5C PMIC@50C GPU@50.5C AO@66C thermal@52.25C
RAM 2434/3964MB (lfb 108x4MB) SWAP 70/6078MB (cached 1MB) CPU [16%@1428,4%@1428,11%@1428,5%@1428] EMC_FREQ 0% GR3D_FREQ 99% PLL@49.5C CPU@54C PMIC@50C GPU@50C AO@66C thermal@52.25C
RAM 2434/3964MB (lfb 108x4MB) SWAP 70/6078MB (cached 1MB) CPU [12%@1326,8%@1326,4%@1326,10%@1326] EMC_FREQ 0% GR3D_FREQ 99% PLL@49.5C CPU@54C PMIC@50C GPU@50.5C AO@66C thermal@52.25C
RAM 2434/3964MB (lfb 108x4MB) SWAP 70/6078MB (cached 1MB) CPU [12%@1479,7%@1479,7%@1479,9%@1479] EMC_FREQ 0% GR3D_FREQ 99% PLL@50C CPU@54C PMIC@50C GPU@50.5C AO@66C thermal@52.5C
RAM 2434/3964MB (lfb 108x4MB) SWAP 70/6078MB (cached 1MB) CPU [13%@1428,8%@1428,7%@1428,9%@1428] EMC_FREQ 0% GR3D_FREQ 99% PLL@49.5C CPU@54C PMIC@50C GPU@50.5C AO@66C thermal@52.5C
RAM 2434/3964MB (lfb 108x4MB) SWAP 70/6078MB (cached 1MB) CPU [22%@1428,4%@1428,3%@1428,10%@1428] EMC_FREQ 0% GR3D_FREQ 99% PLL@49.5C CPU@54.5C PMIC@50C GPU@50.5C AO@66C thermal@52.5C
RAM 2434/3964MB (lfb 108x4MB) SWAP 70/6078MB (cached 1MB) CPU [24%@1479,4%@1479,3%@1479,1%@1479] EMC_FREQ 0% GR3D_FREQ 99% PLL@50C CPU@54.5C PMIC@50C GPU@50.5C AO@66C thermal@52.5C
RAM 2434/3964MB (lfb 108x4MB) SWAP 70/6078MB (cached 1MB) CPU [10%@1326,14%@1326,4%@1326,10%@1326] EMC_FREQ 0% GR3D_FREQ 99% PLL@49.5C CPU@54C PMIC@50C GPU@50.5C AO@66.5C thermal@52C
RAM 2434/3964MB (lfb 108x4MB) SWAP 70/6078MB (cached 1MB) CPU [23%@1479,8%@1479,4%@1479,5%@1479] EMC_FREQ 0% GR3D_FREQ 99% PLL@50C CPU@54C PMIC@50C GPU@50.5C AO@66.5C thermal@52.5C
RAM 2434/3964MB (lfb 108x4MB) SWAP 70/6078MB (cached 1MB) CPU [27%@1479,3%@1479,3%@1479,4%@1479] EMC_FREQ 0% GR3D_FREQ 99% PLL@50C CPU@54C PMIC@50C GPU@50.5C AO@66.5C thermal@52.5C
RAM 2434/3964MB (lfb 108x4MB) SWAP 70/6078MB (cached 1MB) CPU [15%@1224,9%@1224,5%@1224,8%@1224] EMC_FREQ 0% GR3D_FREQ 99% PLL@50C CPU@54.5C PMIC@50C GPU@50.5C AO@66C thermal@52.5C
RAM 2434/3964MB (lfb 108x4MB) SWAP 70/6078MB (cached 1MB) CPU [20%@1479,6%@1479,7%@1479,1%@1479] EMC_FREQ 0% GR3D_FREQ 99% PLL@50C CPU@54.5C PMIC@50C GPU@50.5C AO@66C thermal@52.5C
RAM 2433/3964MB (lfb 108x4MB) SWAP 70/6078MB (cached 1MB) CPU [14%@1479,5%@1479,18%@1479,4%@1479] EMC_FREQ 0% GR3D_FREQ 99% PLL@50C CPU@54.5C PMIC@50C GPU@50.5C AO@66.5C thermal@52.5C
RAM 2433/3964MB (lfb 108x4MB) SWAP 70/6078MB (cached 1MB) CPU [19%@1479,5%@1479,3%@1479,10%@1479] EMC_FREQ 0% GR3D_FREQ 99% PLL@50C CPU@54.5C PMIC@50C GPU@50.5C AO@66C thermal@52.5C
RAM 2434/3964MB (lfb 108x4MB) SWAP 70/6078MB (cached 1MB) CPU [24%@1479,2%@1479,4%@1479,7%@1479] EMC_FREQ 0% GR3D_FREQ 99% PLL@50C CPU@54.5C PMIC@50C GPU@50.5C AO@66.5C thermal@52.5C
RAM 2434/3964MB (lfb 108x4MB) SWAP 70/6078MB (cached 1MB) CPU [25%@1479,2%@1479,1%@1479,3%@1479] EMC_FREQ 0% GR3D_FREQ 99% PLL@50C CPU@55C PMIC@50C GPU@50.5C AO@66.5C thermal@52.5C
RAM 2434/3964MB (lfb 108x4MB) SWAP 70/6078MB (cached 1MB) CPU [27%@1479,3%@1479,4%@1479,4%@1479] EMC_FREQ 0% GR3D_FREQ 99% PLL@50C CPU@54.5C PMIC@50C GPU@51C AO@66.5C thermal@52.75C
RAM 2434/3964MB (lfb 108x4MB) SWAP 70/6078MB (cached 1MB) CPU [21%@1479,3%@1479,8%@1479,4%@1479] EMC_FREQ 0% GR3D_FREQ 99% PLL@50C CPU@55C PMIC@50C GPU@50.5C AO@67C thermal@52.75C
RAM 2434/3964MB (lfb 108x4MB) SWAP 70/6078MB (cached 1MB) CPU [28%@1479,2%@1479,4%@1479,5%@1479] EMC_FREQ 0% GR3D_FREQ 99% PLL@50C CPU@54.5C PMIC@50C GPU@50.5C AO@66.5C thermal@52.5C
RAM 2434/3964MB (lfb 108x4MB) SWAP 70/6078MB (cached 1MB) CPU [5%@1479,8%@1479,12%@1479,5%@1479] EMC_FREQ 0% GR3D_FREQ 99% PLL@50C CPU@55C PMIC@50C GPU@50.5C AO@66.5C thermal@52.5C
RAM 2434/3964MB (lfb 108x4MB) SWAP 70/6078MB (cached 1MB) CPU [18%@1479,5%@1479,11%@1479,8%@1479] EMC_FREQ 0% GR3D_FREQ 99% PLL@50C CPU@54.5C PMIC@50C GPU@50.5C AO@67C thermal@52.5C
RAM 2433/3964MB (lfb 108x4MB) SWAP 70/6078MB (cached 1MB) CPU [19%@1479,1%@1479,10%@1479,4%@1479] EMC_FREQ 0% GR3D_FREQ 99% PLL@50C CPU@55C PMIC@50C GPU@50.5C AO@66.5C thermal@53C
RAM 2433/3964MB (lfb 108x4MB) SWAP 70/6078MB (cached 1MB) CPU [16%@1479,11%@1479,2%@1479,12%@1479] EMC_FREQ 0% GR3D_FREQ 99% PLL@50.5C CPU@55C PMIC@50C GPU@51C AO@66.5C thermal@53C
RAM 2433/3964MB (lfb 108x4MB) SWAP 70/6078MB (cached 1MB) CPU [22%@1428,7%@1428,4%@1428,4%@1428] EMC_FREQ 0% GR3D_FREQ 99% PLL@50.5C CPU@55C PMIC@50C GPU@50.5C AO@66.5C thermal@52.75C
RAM 2433/3964MB (lfb 107x4MB) SWAP 70/6078MB (cached 1MB) CPU [28%@1479,6%@1479,4%@1479,4%@1479] EMC_FREQ 0% GR3D_FREQ 99% PLL@50.5C CPU@54.5C PMIC@50C GPU@51C AO@67C thermal@53C
RAM 2433/3964MB (lfb 107x4MB) SWAP 70/6078MB (cached 1MB) CPU [14%@1479,9%@1479,1%@1479,9%@1479] EMC_FREQ 0% GR3D_FREQ 99% PLL@50.5C CPU@54.5C PMIC@50C GPU@51C AO@67C thermal@53C
RAM 2433/3964MB (lfb 107x4MB) SWAP 70/6078MB (cached 1MB) CPU [16%@1479,4%@1479,10%@1479,13%@1479] EMC_FREQ 0% GR3D_FREQ 99% PLL@50.5C CPU@55C PMIC@50C GPU@51.5C AO@67C thermal@53C
RAM 2433/3964MB (lfb 107x4MB) SWAP 70/6078MB (cached 1MB) CPU [9%@1479,3%@1479,20%@1479,4%@1479] EMC_FREQ 0% GR3D_FREQ 99% PLL@50.5C CPU@55C PMIC@50C GPU@51.5C AO@67C thermal@53.25C
RAM 2433/3964MB (lfb 107x4MB) SWAP 70/6078MB (cached 1MB) CPU [24%@1479,3%@1479,7%@1479,4%@1479] EMC_FREQ 0% GR3D_FREQ 99% PLL@50.5C CPU@55C PMIC@50C GPU@51.5C AO@67C thermal@53C
RAM 2434/3964MB (lfb 107x4MB) SWAP 70/6078MB (cached 1MB) CPU [25%@1479,2%@1479,4%@1479,6%@1479] EMC_FREQ 0% GR3D_FREQ 99% PLL@50.5C CPU@55.5C PMIC@50C GPU@51.5C AO@67.5C thermal@53.5C
RAM 2433/3964MB (lfb 107x4MB) SWAP 70/6078MB (cached 1MB) CPU [22%@1479,6%@1479,4%@1479,5%@1479] EMC_FREQ 0% GR3D_FREQ 99% PLL@50.5C CPU@55C PMIC@50C GPU@51C AO@67C thermal@53.25C
RAM 2434/3964MB (lfb 107x4MB) SWAP 70/6078MB (cached 1MB) CPU [13%@1224,2%@1224,14%@1224,8%@1224] EMC_FREQ 0% GR3D_FREQ 99% PLL@50.5C CPU@55C PMIC@50C GPU@51.5C AO@67.5C thermal@53.25C
RAM 2433/3964MB (lfb 107x4MB) SWAP 70/6078MB (cached 1MB) CPU [12%@1224,5%@1224,5%@1224,16%@1224] EMC_FREQ 0% GR3D_FREQ 99% PLL@50.5C CPU@55C PMIC@50C GPU@51C AO@67.5C thermal@53C
RAM 2433/3964MB (lfb 107x4MB) SWAP 70/6078MB (cached 1MB) CPU [23%@1224,5%@1224,2%@1224,10%@1224] EMC_FREQ 0% GR3D_FREQ 99% PLL@50.5C CPU@55C PMIC@50C GPU@51.5C AO@67.5C thermal@53C
RAM 2433/3964MB (lfb 107x4MB) SWAP 70/6078MB (cached 1MB) CPU [26%@1479,5%@1479,2%@1479,2%@1479] EMC_FREQ 0% GR3D_FREQ 99% PLL@50.5C CPU@55.5C PMIC@50C GPU@51.5C AO@67.5C thermal@53C
RAM 2433/3964MB (lfb 107x4MB) SWAP 70/6078MB (cached 1MB) CPU [11%@1224,13%@1224,1%@1224,6%@1224] EMC_FREQ 0% GR3D_FREQ 99% PLL@51C CPU@55.5C PMIC@50C GPU@51.5C AO@67.5C thermal@53.25C
RAM 2433/3964MB (lfb 107x4MB) SWAP 70/6078MB (cached 1MB) CPU [25%@1224,4%@1224,5%@1224,6%@1224] EMC_FREQ 0% GR3D_FREQ 99% PLL@50.5C CPU@55.5C PMIC@50C GPU@51.5C AO@67.5C thermal@53.25C
RAM 2433/3964MB (lfb 107x4MB) SWAP 70/6078MB (cached 1MB) CPU [11%@1224,8%@1224,4%@1224,12%@1224] EMC_FREQ 0% GR3D_FREQ 99% PLL@50.5C CPU@55C PMIC@50C GPU@51.5C AO@67.5C thermal@53.5C
RAM 2433/3964MB (lfb 107x4MB) SWAP 70/6078MB (cached 1MB) CPU [7%@1224,10%@1224,13%@1224,6%@1224] EMC_FREQ 0% GR3D_FREQ 99% PLL@51C CPU@55.5C PMIC@50C GPU@51.5C AO@67.5C thermal@53.5C
RAM 2433/3964MB (lfb 107x4MB) SWAP 70/6078MB (cached 1MB) CPU [10%@1224,6%@1224,16%@1224,2%@1224] EMC_FREQ 0% GR3D_FREQ 99% PLL@51C CPU@55.5C PMIC@50C GPU@51.5C AO@67.5C thermal@53.5C
RAM 2433/3964MB (lfb 107x4MB) SWAP 70/6078MB (cached 1MB) CPU [26%@1479,2%@1479,4%@1479,5%@1479] EMC_FREQ 0% GR3D_FREQ 99% PLL@50.5C CPU@55.5C PMIC@50C GPU@51.5C AO@67.5C thermal@53.5C
RAM 2433/3964MB (lfb 107x4MB) SWAP 70/6078MB (cached 1MB) CPU [29%@1479,4%@1479,2%@1479,4%@1479] EMC_FREQ 0% GR3D_FREQ 99% PLL@51C CPU@55.5C PMIC@50C GPU@51.5C AO@68C thermal@53.75C
RAM 2433/3964MB (lfb 107x4MB) SWAP 70/6078MB (cached 1MB) CPU [17%@1224,4%@1224,10%@1224,9%@1224] EMC_FREQ 0% GR3D_FREQ 99% PLL@51C CPU@56C PMIC@50C GPU@51.5C AO@68C thermal@53.75C
RAM 2433/3964MB (lfb 107x4MB) SWAP 70/6078MB (cached 1MB) CPU [12%@1224,8%@1224,7%@1224,8%@1224] EMC_FREQ 0% GR3D_FREQ 99% PLL@51.5C CPU@55.5C PMIC@50C GPU@51.5C AO@68C thermal@53.5C
RAM 2433/3964MB (lfb 107x4MB) SWAP 70/6078MB (cached 1MB) CPU [16%@1224,6%@1224,4%@1224,10%@1224] EMC_FREQ 0% GR3D_FREQ 99% PLL@51C CPU@56C PMIC@50C GPU@52C AO@68.5C thermal@53.5C
RAM 2433/3964MB (lfb 107x4MB) SWAP 70/6078MB (cached 1MB) CPU [17%@1479,5%@1479,3%@1479,11%@1479] EMC_FREQ 0% GR3D_FREQ 99% PLL@51C CPU@56C PMIC@50C GPU@51.5C AO@68C thermal@54C
RAM 2433/3964MB (lfb 107x4MB) SWAP 70/6078MB (cached 1MB) CPU [25%@1224,3%@1224,3%@1224,2%@1224] EMC_FREQ 0% GR3D_FREQ 99% PLL@51C CPU@55.5C PMIC@50C GPU@52C AO@68C thermal@53.75C
RAM 2433/3964MB (lfb 107x4MB) SWAP 70/6078MB (cached 1MB) CPU [20%@1224,7%@1224,3%@1224,2%@1224] EMC_FREQ 0% GR3D_FREQ 99% PLL@51C CPU@55.5C PMIC@50C GPU@52C AO@68.5C thermal@53.75C
RAM 2434/3964MB (lfb 107x4MB) SWAP 70/6078MB (cached 1MB) CPU [16%@1479,6%@1479,1%@1479,11%@1479] EMC_FREQ 0% GR3D_FREQ 99% PLL@51C CPU@56C PMIC@50C GPU@52C AO@68C thermal@53.75C
RAM 2434/3964MB (lfb 107x4MB) SWAP 70/6078MB (cached 1MB) CPU [27%@1479,3%@1479,3%@1479,3%@1479] EMC_FREQ 0% GR3D_FREQ 99% PLL@51.5C CPU@56C PMIC@50C GPU@52C AO@68C thermal@54C
RAM 2434/3964MB (lfb 107x4MB) SWAP 70/6078MB (cached 1MB) CPU [27%@1224,4%@1224,1%@1224,5%@1224] EMC_FREQ 0% GR3D_FREQ 99% PLL@51C CPU@55.5C PMIC@50C GPU@52C AO@68.5C thermal@54C
RAM 2434/3964MB (lfb 107x4MB) SWAP 70/6078MB (cached 1MB) CPU [16%@1224,9%@1224,5%@1224,7%@1224] EMC_FREQ 0% GR3D_FREQ 99% PLL@51C CPU@56C PMIC@50C GPU@52C AO@68.5C thermal@54.25C
RAM 2433/3964MB (lfb 107x4MB) SWAP 70/6078MB (cached 1MB) CPU [16%@1224,3%@1224,3%@1224,15%@1224] EMC_FREQ 0% GR3D_FREQ 99% PLL@51C CPU@56C PMIC@50C GPU@52C AO@68.5C thermal@54C
RAM 2434/3964MB (lfb 107x4MB) SWAP 70/6078MB (cached 1MB) CPU [19%@1224,10%@1224,5%@1224,8%@1224] EMC_FREQ 0% GR3D_FREQ 99% PLL@51C CPU@56C PMIC@50C GPU@52C AO@68C thermal@54C
RAM 2433/3964MB (lfb 107x4MB) SWAP 70/6078MB (cached 1MB) CPU [20%@1224,5%@1224,2%@1224,10%@1224] EMC_FREQ 0% GR3D_FREQ 99% PLL@51C CPU@56C PMIC@50C GPU@52C AO@68.5C thermal@54C
RAM 2433/3964MB (lfb 107x4MB) SWAP 70/6078MB (cached 1MB) CPU [21%@1224,8%@1224,3%@1224,4%@1224] EMC_FREQ 0% GR3D_FREQ 99% PLL@51.5C CPU@56.5C PMIC@50C GPU@52C AO@68.5C thermal@54C
RAM 2433/3964MB (lfb 107x4MB) SWAP 70/6078MB (cached 1MB) CPU [15%@1224,8%@1224,6%@1224,11%@1224] EMC_FREQ 0% GR3D_FREQ 99% PLL@51.5C CPU@56C PMIC@50C GPU@52C AO@68.5C thermal@54C
RAM 2434/3964MB (lfb 107x4MB) SWAP 70/6078MB (cached 1MB) CPU [18%@1224,5%@1224,12%@1224,4%@1224] EMC_FREQ 0% GR3D_FREQ 99% PLL@51.5C CPU@56C PMIC@50C GPU@52C AO@68.5C thermal@54C
RAM 2434/3964MB (lfb 107x4MB) SWAP 70/6078MB (cached 1MB) CPU [21%@1479,1%@1479,7%@1479,6%@1479] EMC_FREQ 0% GR3D_FREQ 99% PLL@51C CPU@56.5C PMIC@50C GPU@52C AO@68.5C thermal@54.25C
RAM 2434/3964MB (lfb 107x4MB) SWAP 70/6078MB (cached 1MB) CPU [17%@1224,8%@1224,10%@1224,3%@1224] EMC_FREQ 0% GR3D_FREQ 99% PLL@51C CPU@56.5C PMIC@50C GPU@52C AO@68.5C thermal@54C
RAM 2434/3964MB (lfb 107x4MB) SWAP 70/6078MB (cached 1MB) CPU [15%@1224,7%@1224,10%@1224,4%@1224] EMC_FREQ 0% GR3D_FREQ 99% PLL@51.5C CPU@56.5C PMIC@50C GPU@52.5C AO@68.5C thermal@54.25C
RAM 2433/3964MB (lfb 107x4MB) SWAP 70/6078MB (cached 1MB) CPU [10%@1224,7%@1224,10%@1224,11%@1224] EMC_FREQ 0% GR3D_FREQ 99% PLL@51.5C CPU@56.5C PMIC@50C GPU@52C AO@68.5C thermal@54.5C
RAM 2434/3964MB (lfb 107x4MB) SWAP 70/6078MB (cached 1MB) CPU [20%@1224,4%@1224,2%@1224,9%@1224] EMC_FREQ 0% GR3D_FREQ 99% PLL@51.5C CPU@56C PMIC@50C GPU@52C AO@68.5C thermal@54C
RAM 2434/3964MB (lfb 107x4MB) SWAP 70/6078MB (cached 1MB) CPU [13%@1224,6%@1224,3%@1224,14%@1224] EMC_FREQ 0% GR3D_FREQ 99% PLL@51.5C CPU@56.5C PMIC@50C GPU@52.5C AO@68.5C thermal@54C
RAM 2434/3964MB (lfb 107x4MB) SWAP 70/6078MB (cached 1MB) CPU [10%@1224,6%@1224,12%@1224,9%@1224] EMC_FREQ 0% GR3D_FREQ 99% PLL@51.5C CPU@56.5C PMIC@50C GPU@52.5C AO@69C thermal@54.5C
RAM 2434/3964MB (lfb 107x4MB) SWAP 70/6078MB (cached 1MB) CPU [14%@1224,6%@1224,8%@1224,9%@1224] EMC_FREQ 0% GR3D_FREQ 99% PLL@52C CPU@56.5C PMIC@50C GPU@52.5C AO@68.5C thermal@54.5C
RAM 2434/3964MB (lfb 107x4MB) SWAP 70/6078MB (cached 1MB) CPU [22%@1224,4%@1224,3%@1224,5%@1224] EMC_FREQ 0% GR3D_FREQ 99% PLL@52C CPU@56.5C PMIC@50C GPU@52.5C AO@68.5C thermal@54.75C
RAM 2434/3964MB (lfb 107x4MB) SWAP 70/6078MB (cached 1MB) CPU [13%@1224,14%@1224,5%@1224,3%@1224] EMC_FREQ 0% GR3D_FREQ 99% PLL@52C CPU@56.5C PMIC@50C GPU@52.5C AO@68.5C thermal@54.5C
RAM 2434/3964MB (lfb 107x4MB) SWAP 70/6078MB (cached 1MB) CPU [20%@1224,9%@1224,4%@1224,10%@1224] EMC_FREQ 0% GR3D_FREQ 99% PLL@52C CPU@56.5C PMIC@50C GPU@52C AO@68.5C thermal@54.5C
RAM 2434/3964MB (lfb 107x4MB) SWAP 70/6078MB (cached 1MB) CPU [20%@1224,5%@1224,3%@1224,11%@1224] EMC_FREQ 0% GR3D_FREQ 99% PLL@52C CPU@56.5C PMIC@50C GPU@52.5C AO@69C thermal@54.75C
RAM 2434/3964MB (lfb 107x4MB) SWAP 70/6078MB (cached 1MB) CPU [23%@1224,5%@1224,3%@1224,8%@1224] EMC_FREQ 0% GR3D_FREQ 99% PLL@52C CPU@57C PMIC@50C GPU@52.5C AO@69C thermal@54.5C
RAM 2434/3964MB (lfb 107x4MB) SWAP 70/6078MB (cached 1MB) CPU [24%@1224,3%@1224,3%@1224,6%@1224] EMC_FREQ 0% GR3D_FREQ 99% PLL@51.5C CPU@57C PMIC@50C GPU@52.5C AO@69C thermal@54.5C
RAM 2433/3964MB (lfb 107x4MB) SWAP 70/6078MB (cached 1MB) CPU [20%@1224,3%@1224,2%@1224,9%@1224] EMC_FREQ 0% GR3D_FREQ 99% PLL@52C CPU@57C PMIC@50C GPU@52.5C AO@69C thermal@54.5C
RAM 2434/3964MB (lfb 107x4MB) SWAP 70/6078MB (cached 1MB) CPU [22%@1479,4%@1479,3%@1479,6%@1479] EMC_FREQ 0% GR3D_FREQ 99% PLL@52C CPU@56.5C PMIC@50C GPU@52C AO@69C thermal@54.75C
RAM 2434/3964MB (lfb 107x4MB) SWAP 70/6078MB (cached 1MB) CPU [23%@1224,5%@1224,9%@1224,2%@1224] EMC_FREQ 0% GR3D_FREQ 99% PLL@52C CPU@57C PMIC@50C GPU@52.5C AO@69C thermal@54.75C
RAM 2434/3964MB (lfb 107x4MB) SWAP 70/6078MB (cached 1MB) CPU [22%@1224,7%@1224,6%@1224,3%@1224] EMC_FREQ 0% GR3D_FREQ 99% PLL@52C CPU@57C PMIC@50C GPU@52.5C AO@69C thermal@54.75C
RAM 2434/3964MB (lfb 107x4MB) SWAP 70/6078MB (cached 1MB) CPU [17%@1224,10%@1224,4%@1224,2%@1224] EMC_FREQ 0% GR3D_FREQ 99% PLL@52C CPU@56.5C PMIC@50C GPU@52.5C AO@69.5C thermal@54.75C
RAM 2434/3964MB (lfb 107x4MB) SWAP 70/6078MB (cached 1MB) CPU [24%@1479,6%@1479,3%@1479,4%@1479] EMC_FREQ 0% GR3D_FREQ 99% PLL@52.5C CPU@56.5C PMIC@50C GPU@52.5C AO@69.5C thermal@54.5C
RAM 2434/3964MB (lfb 107x4MB) SWAP 70/6078MB (cached 1MB) CPU [16%@1224,9%@1224,4%@1224,7%@1224] EMC_FREQ 0% GR3D_FREQ 99% PLL@52C CPU@57C PMIC@50C GPU@52.5C AO@69.5C thermal@54.75C
RAM 2434/3964MB (lfb 107x4MB) SWAP 70/6078MB (cached 1MB) CPU [23%@1224,7%@1224,2%@1224,6%@1224] EMC_FREQ 0% GR3D_FREQ 99% PLL@52C CPU@57C PMIC@50C GPU@53C AO@69.5C thermal@54.5C
RAM 2434/3964MB (lfb 107x4MB) SWAP 70/6078MB (cached 1MB) CPU [16%@1224,5%@1224,6%@1224,8%@1224] EMC_FREQ 0% GR3D_FREQ 99% PLL@52C CPU@57C PMIC@50C GPU@52.5C AO@69C thermal@54.75C
RAM 2434/3964MB (lfb 107x4MB) SWAP 70/6078MB (cached 1MB) CPU [23%@1224,2%@1224,7%@1224,5%@1224] EMC_FREQ 0% GR3D_FREQ 99% PLL@52C CPU@57C PMIC@50C GPU@53C AO@69.5C thermal@54.75C
RAM 2434/3964MB (lfb 107x4MB) SWAP 70/6078MB (cached 1MB) CPU [19%@1224,4%@1224,4%@1224,10%@1224] EMC_FREQ 0% GR3D_FREQ 99% PLL@52.5C CPU@56.5C PMIC@50C GPU@52.5C AO@69.5C thermal@55C
RAM 2433/3964MB (lfb 107x4MB) SWAP 70/6078MB (cached 1MB) CPU [14%@1224,4%@1224,11%@1224,5%@1224] EMC_FREQ 0% GR3D_FREQ 99% PLL@52.5C CPU@57C PMIC@50C GPU@53C AO@69.5C thermal@55C
RAM 2434/3964MB (lfb 107x4MB) SWAP 70/6078MB (cached 1MB) CPU [26%@1224,4%@1224,3%@1224,3%@1224] EMC_FREQ 0% GR3D_FREQ 99% PLL@52C CPU@57C PMIC@50C GPU@52.5C AO@69.5C thermal@54.5C
RAM 2434/3964MB (lfb 107x4MB) SWAP 70/6078MB (cached 1MB) CPU [21%@1224,7%@1224,3%@1224,5%@1224] EMC_FREQ 0% GR3D_FREQ 99% PLL@52C CPU@57C PMIC@50C GPU@52.5C AO@69.5C thermal@54.5C
RAM 2434/3964MB (lfb 107x4MB) SWAP 70/6078MB (cached 1MB) CPU [16%@1224,5%@1224,12%@1224,7%@1224] EMC_FREQ 0% GR3D_FREQ 99% PLL@52.5C CPU@57C PMIC@50C GPU@53C AO@69.5C thermal@54.75C
RAM 2434/3964MB (lfb 107x4MB) SWAP 70/6078MB (cached 1MB) CPU [15%@1224,12%@1224,6%@1224,5%@1224] EMC_FREQ 0% GR3D_FREQ 99% PLL@52.5C CPU@57C PMIC@50C GPU@53C AO@69.5C thermal@54.75C
RAM 2434/3964MB (lfb 107x4MB) SWAP 70/6078MB (cached 1MB) CPU [26%@1224,5%@1224,1%@1224,1%@1224] EMC_FREQ 0% GR3D_FREQ 99% PLL@52.5C CPU@57C PMIC@50C GPU@53C AO@69.5C thermal@55C
RAM 2434/3964MB (lfb 107x4MB) SWAP 70/6078MB (cached 1MB) CPU [23%@1224,4%@1224,6%@1224,4%@1224] EMC_FREQ 0% GR3D_FREQ 99% PLL@52.5C CPU@57C PMIC@50C GPU@52.5C AO@69C thermal@55.25C
RAM 2434/3964MB (lfb 107x4MB) SWAP 70/6078MB (cached 1MB) CPU [15%@1479,11%@1479,8%@1479,3%@1479] EMC_FREQ 0% GR3D_FREQ 99% PLL@52.5C CPU@57C PMIC@50C GPU@52.5C AO@69C thermal@54.75C
RAM 2434/3964MB (lfb 107x4MB) SWAP 70/6078MB (cached 1MB) CPU [8%@1224,15%@1224,12%@1224,4%@1224] EMC_FREQ 0% GR3D_FREQ 99% PLL@52C CPU@57.5C PMIC@50C GPU@52.5C AO@69.5C thermal@54.75C
RAM 2434/3964MB (lfb 107x4MB) SWAP 70/6078MB (cached 1MB) CPU [22%@1224,11%@1224,4%@1224,2%@1224] EMC_FREQ 0% GR3D_FREQ 99% PLL@52C CPU@57.5C PMIC@50C GPU@53C AO@69C thermal@54.75C
RAM 2434/3964MB (lfb 107x4MB) SWAP 70/6078MB (cached 1MB) CPU [11%@1224,3%@1224,4%@1224,16%@1224] EMC_FREQ 0% GR3D_FREQ 99% PLL@52C CPU@57.5C PMIC@50C GPU@53C AO@69C thermal@55C
RAM 2434/3964MB (lfb 107x4MB) SWAP 70/6078MB (cached 1MB) CPU [17%@1224,3%@1224,11%@1224,3%@1224] EMC_FREQ 0% GR3D_FREQ 99% PLL@52C CPU@57C PMIC@50C GPU@53C AO@69.5C thermal@54.75C
RAM 2434/3964MB (lfb 107x4MB) SWAP 70/6078MB (cached 1MB) CPU [11%@1224,13%@1224,7%@1224,8%@1224] EMC_FREQ 0% GR3D_FREQ 99% PLL@52.5C CPU@57.5C PMIC@50C GPU@53C AO@69.5C thermal@55C
RAM 2434/3964MB (lfb 107x4MB) SWAP 70/6078MB (cached 1MB) CPU [25%@1224,2%@1224,5%@1224,2%@1224] EMC_FREQ 0% GR3D_FREQ 99% PLL@52.5C CPU@57C PMIC@50C GPU@53.5C AO@69.5C thermal@55.5C
RAM 2434/3964MB (lfb 107x4MB) SWAP 70/6078MB (cached 1MB) CPU [25%@1224,3%@1224,6%@1224,4%@1224] EMC_FREQ 0% GR3D_FREQ 99% PLL@52.5C CPU@57C PMIC@50C GPU@53C AO@69.5C thermal@55.5C
RAM 2434/3964MB (lfb 107x4MB) SWAP 70/6078MB (cached 1MB) CPU [9%@1224,8%@1224,17%@1224,5%@1224] EMC_FREQ 0% GR3D_FREQ 99% PLL@52.5C CPU@57.5C PMIC@50C GPU@53C AO@69.5C thermal@55C
RAM 2434/3964MB (lfb 107x4MB) SWAP 70/6078MB (cached 1MB) CPU [14%@1224,10%@1224,5%@1224,4%@1224] EMC_FREQ 0% GR3D_FREQ 99% PLL@52.5C CPU@57.5C PMIC@50C GPU@53.5C AO@70C thermal@55.5C
RAM 2434/3964MB (lfb 107x4MB) SWAP 70/6078MB (cached 1MB) CPU [20%@1224,5%@1224,4%@1224,13%@1224] EMC_FREQ 0% GR3D_FREQ 99% PLL@53C CPU@57C PMIC@50C GPU@53C AO@69.5C thermal@55.5C
RAM 2434/3964MB (lfb 107x4MB) SWAP 70/6078MB (cached 1MB) CPU [29%@1479,4%@1479,2%@1479,3%@1479] EMC_FREQ 0% GR3D_FREQ 99% PLL@53C CPU@57C PMIC@50C GPU@53.5C AO@69.5C thermal@55.25C
RAM 2434/3964MB (lfb 107x4MB) SWAP 70/6078MB (cached 1MB) CPU [24%@1224,2%@1224,2%@1224,3%@1224] EMC_FREQ 0% GR3D_FREQ 99% PLL@53C CPU@57.5C PMIC@50C GPU@53.5C AO@70C thermal@55.5C
RAM 2434/3964MB (lfb 107x4MB) SWAP 70/6078MB (cached 1MB) CPU [19%@1224,4%@1224,6%@1224,10%@1224] EMC_FREQ 0% GR3D_FREQ 99% PLL@53C CPU@57.5C PMIC@50C GPU@53.5C AO@70C thermal@55.5C
RAM 2434/3964MB (lfb 107x4MB) SWAP 70/6078MB (cached 1MB) CPU [22%@1224,8%@1224,4%@1224,4%@1224] EMC_FREQ 0% GR3D_FREQ 99% PLL@53C CPU@57C PMIC@50C GPU@53.5C AO@69.5C thermal@55.25C
RAM 2434/3964MB (lfb 107x4MB) SWAP 70/6078MB (cached 1MB) CPU [25%@1224,3%@1224,3%@1224,5%@1224] EMC_FREQ 0% GR3D_FREQ 99% PLL@52.5C CPU@57.5C PMIC@50C GPU@54C AO@69.5C thermal@55.5C
RAM 2434/3964MB (lfb 107x4MB) SWAP 70/6078MB (cached 1MB) CPU [12%@1224,6%@1224,11%@1224,9%@1224] EMC_FREQ 0% GR3D_FREQ 99% PLL@52.5C CPU@57.5C PMIC@50C GPU@53.5C AO@69.5C thermal@55.5C
RAM 2434/3964MB (lfb 107x4MB) SWAP 70/6078MB (cached 1MB) CPU [26%@1224,4%@1224,2%@1224,5%@1224] EMC_FREQ 0% GR3D_FREQ 99% PLL@53C CPU@58C PMIC@50C GPU@53.5C AO@69.5C thermal@55.5C
RAM 2434/3964MB (lfb 107x4MB) SWAP 70/6078MB (cached 1MB) CPU [16%@1224,12%@1224,4%@1224,4%@1326] EMC_FREQ 0% GR3D_FREQ 99% PLL@53C CPU@57.5C PMIC@50C GPU@53.5C AO@70C thermal@55.75C
RAM 2434/3964MB (lfb 107x4MB) SWAP 70/6078MB (cached 1MB) CPU [14%@1224,4%@1224,7%@1224,11%@1224] EMC_FREQ 0% GR3D_FREQ 99% PLL@53C CPU@57.5C PMIC@50C GPU@53.5C AO@69.5C thermal@55.5C
RAM 2434/3964MB (lfb 107x4MB) SWAP 70/6078MB (cached 1MB) CPU [22%@1224,7%@1224,6%@1224,5%@1224] EMC_FREQ 0% GR3D_FREQ 99% PLL@53C CPU@58C PMIC@50C GPU@54C AO@70C thermal@55.5C
RAM 2434/3964MB (lfb 107x4MB) SWAP 70/6078MB (cached 1MB) CPU [9%@1479,10%@1479,13%@1479,4%@1479] EMC_FREQ 0% GR3D_FREQ 99% PLL@53C CPU@58C PMIC@50C GPU@54C AO@70C thermal@55.5C
RAM 2434/3964MB (lfb 107x4MB) SWAP 70/6078MB (cached 1MB) CPU [17%@1479,5%@1479,9%@1479,7%@1479] EMC_FREQ 0% GR3D_FREQ 99% PLL@53C CPU@58C PMIC@50C GPU@53.5C AO@70C thermal@55.75C
RAM 2434/3964MB (lfb 107x4MB) SWAP 70/6078MB (cached 1MB) CPU [26%@1479,2%@1479,2%@1479,4%@1479] EMC_FREQ 0% GR3D_FREQ 99% PLL@53C CPU@58C PMIC@50C GPU@54C AO@70.5C thermal@55.75C
RAM 2434/3964MB (lfb 107x4MB) SWAP 70/6078MB (cached 1MB) CPU [17%@1479,11%@1479,2%@1479,2%@1479] EMC_FREQ 0% GR3D_FREQ 99% PLL@53C CPU@58C PMIC@50C GPU@53.5C AO@70C thermal@56C
RAM 2434/3964MB (lfb 107x4MB) SWAP 70/6078MB (cached 1MB) CPU [18%@1224,2%@1224,11%@1224,2%@1224] EMC_FREQ 0% GR3D_FREQ 99% PLL@53C CPU@58C PMIC@50C GPU@53.5C AO@70.5C thermal@56C
RAM 2434/3964MB (lfb 107x4MB) SWAP 70/6078MB (cached 1MB) CPU [17%@1479,7%@1479,4%@1479,14%@1479] EMC_FREQ 0% GR3D_FREQ 99% PLL@53C CPU@58C PMIC@50C GPU@54C AO@70.5C thermal@55.75C
RAM 2434/3964MB (lfb 107x4MB) SWAP 70/6078MB (cached 1MB) CPU [21%@1479,1%@1479,9%@1479,4%@1479] EMC_FREQ 0% GR3D_FREQ 99% PLL@53C CPU@58C PMIC@50C GPU@54C AO@70C thermal@56C
RAM 2434/3964MB (lfb 107x4MB) SWAP 70/6078MB (cached 1MB) CPU [29%@1479,4%@1479,1%@1479,3%@1479] EMC_FREQ 0% GR3D_FREQ 99% PLL@53.5C CPU@57.5C PMIC@50C GPU@54C AO@70.5C thermal@56C
RAM 2434/3964MB (lfb 107x4MB) SWAP 70/6078MB (cached 1MB) CPU [17%@1479,3%@1479,5%@1479,10%@1479] EMC_FREQ 0% GR3D_FREQ 99% PLL@53.5C CPU@58C PMIC@50C GPU@54C AO@70.5C thermal@56C
RAM 2434/3964MB (lfb 107x4MB) SWAP 70/6078MB (cached 1MB) CPU [16%@1479,5%@1479,11%@1479,3%@1479] EMC_FREQ 0% GR3D_FREQ 99% PLL@53.5C CPU@58C PMIC@50C GPU@54C AO@70.5C thermal@56C
RAM 2434/3964MB (lfb 107x4MB) SWAP 70/6078MB (cached 1MB) CPU [13%@1224,2%@1224,14%@1224,9%@1224] EMC_FREQ 0% GR3D_FREQ 99% PLL@53.5C CPU@58C PMIC@50C GPU@54C AO@70.5C thermal@56C
RAM 2434/3964MB (lfb 107x4MB) SWAP 70/6078MB (cached 1MB) CPU [17%@1224,7%@1224,6%@1224,5%@1224] EMC_FREQ 0% GR3D_FREQ 99% PLL@53.5C CPU@58C PMIC@50C GPU@54C AO@70.5C thermal@56C
RAM 2434/3964MB (lfb 107x4MB) SWAP 70/6078MB (cached 1MB) CPU [9%@1479,6%@1479,19%@1479,5%@1479] EMC_FREQ 0% GR3D_FREQ 99% PLL@53.5C CPU@58C PMIC@50C GPU@54C AO@70.5C thermal@56C
RAM 2434/3964MB (lfb 107x4MB) SWAP 70/6078MB (cached 1MB) CPU [13%@1224,6%@1224,6%@1224,6%@1224] EMC_FREQ 0% GR3D_FREQ 99% PLL@53.5C CPU@58C PMIC@50C GPU@54C AO@71C thermal@56C
RAM 2434/3964MB (lfb 107x4MB) SWAP 70/6078MB (cached 1MB) CPU [28%@1224,1%@1224,4%@1224,5%@1224] EMC_FREQ 0% GR3D_FREQ 99% PLL@53.5C CPU@58C PMIC@50C GPU@54C AO@71C thermal@56C
RAM 2434/3964MB (lfb 107x4MB) SWAP 70/6078MB (cached 1MB) CPU [28%@1479,1%@1479,2%@1479,2%@1479] EMC_FREQ 0% GR3D_FREQ 99% PLL@53.5C CPU@58.5C PMIC@50C GPU@54C AO@71C thermal@56C
RAM 2434/3964MB (lfb 107x4MB) SWAP 70/6078MB (cached 1MB) CPU [15%@1479,4%@1479,3%@1479,15%@1479] EMC_FREQ 0% GR3D_FREQ 99% PLL@53.5C CPU@58C PMIC@50C GPU@54C AO@71C thermal@56C
RAM 2434/3964MB (lfb 107x4MB) SWAP 70/6078MB (cached 1MB) CPU [12%@1224,5%@1224,14%@1224,10%@1224] EMC_FREQ 0% GR3D_FREQ 99% PLL@53.5C CPU@58C PMIC@50C GPU@54C AO@70.5C thermal@56.25C
RAM 2433/3964MB (lfb 107x4MB) SWAP 70/6078MB (cached 1MB) CPU [11%@1224,3%@1224,13%@1224,11%@1224] EMC_FREQ 0% GR3D_FREQ 99% PLL@53.5C CPU@58C PMIC@50C GPU@54C AO@70.5C thermal@56.25C
RAM 2433/3964MB (lfb 107x4MB) SWAP 70/6078MB (cached 1MB) CPU [25%@1224,2%@1224,3%@1224,8%@1224] EMC_FREQ 0% GR3D_FREQ 99% PLL@53.5C CPU@58C PMIC@50C GPU@54.5C AO@71C thermal@56C
RAM 2433/3964MB (lfb 107x4MB) SWAP 70/6078MB (cached 1MB) CPU [23%@1479,5%@1479,5%@1479,3%@1479] EMC_FREQ 0% GR3D_FREQ 99% PLL@53.5C CPU@58.5C PMIC@50C GPU@54C AO@71C thermal@56.5C
RAM 2434/3964MB (lfb 107x4MB) SWAP 70/6078MB (cached 1MB) CPU [20%@1479,4%@1479,3%@1479,9%@1479] EMC_FREQ 0% GR3D_FREQ 99% PLL@53.5C CPU@58.5C PMIC@50C GPU@54C AO@70.5C thermal@56.5C
RAM 2434/3964MB (lfb 107x4MB) SWAP 70/6078MB (cached 1MB) CPU [17%@1224,10%@1224,7%@1224,4%@1224] EMC_FREQ 0% GR3D_FREQ 99% PLL@53.5C CPU@58C PMIC@50C GPU@54.5C AO@71C thermal@56.25C
RAM 2434/3964MB (lfb 107x4MB) SWAP 70/6078MB (cached 1MB) CPU [20%@1224,3%@1224,11%@1224,2%@1224] EMC_FREQ 0% GR3D_FREQ 99% PLL@54C CPU@58.5C PMIC@50C GPU@54C AO@71C thermal@56.25C
RAM 2434/3964MB (lfb 107x4MB) SWAP 70/6078MB (cached 1MB) CPU [24%@1224,4%@1224,4%@1224,4%@1224] EMC_FREQ 0% GR3D_FREQ 99% PLL@54C CPU@58.5C PMIC@50C GPU@54.5C AO@71.5C thermal@56.75C
RAM 2434/3964MB (lfb 107x4MB) SWAP 70/6078MB (cached 1MB) CPU [15%@1224,2%@1224,14%@1224,5%@1224] EMC_FREQ 0% GR3D_FREQ 99% PLL@53.5C CPU@59C PMIC@50C GPU@54.5C AO@71C thermal@56.5C
RAM 2434/3964MB (lfb 107x4MB) SWAP 70/6078MB (cached 1MB) CPU [22%@1224,4%@1224,7%@1224,8%@1224] EMC_FREQ 0% GR3D_FREQ 99% PLL@54C CPU@58.5C PMIC@50C GPU@54.5C AO@71.5C thermal@56.25C
RAM 2434/3964MB (lfb 107x4MB) SWAP 70/6078MB (cached 1MB) CPU [11%@1224,3%@1224,20%@1224,1%@1224] EMC_FREQ 0% GR3D_FREQ 99% PLL@54C CPU@58.5C PMIC@50C GPU@54C AO@71C thermal@56.25C
RAM 2434/3964MB (lfb 107x4MB) SWAP 70/6078MB (cached 1MB) CPU [12%@1224,18%@1224,4%@1224,4%@1224] EMC_FREQ 0% GR3D_FREQ 99% PLL@54C CPU@58.5C PMIC@50C GPU@54.5C AO@71C thermal@56.5C
RAM 2434/3964MB (lfb 107x4MB) SWAP 70/6078MB (cached 1MB) CPU [20%@1224,5%@1224,5%@1224,8%@1224] EMC_FREQ 0% GR3D_FREQ 99% PLL@54C CPU@58.5C PMIC@50C GPU@54.5C AO@71.5C thermal@56.5C
RAM 2434/3964MB (lfb 107x4MB) SWAP 70/6078MB (cached 1MB) CPU [13%@1224,9%@1224,4%@1224,6%@1224] EMC_FREQ 0% GR3D_FREQ 99% PLL@54C CPU@58.5C PMIC@50C GPU@54.5C AO@71.5C thermal@56.75C
RAM 2434/3964MB (lfb 107x4MB) SWAP 70/6078MB (cached 1MB) CPU [24%@1224,5%@1224,6%@1224,7%@1224] EMC_FREQ 0% GR3D_FREQ 99% PLL@54C CPU@58.5C PMIC@50C GPU@54.5C AO@71.5C thermal@56.5C
RAM 2434/3964MB (lfb 107x4MB) SWAP 70/6078MB (cached 1MB) CPU [14%@1224,1%@1224,15%@1224,6%@1224] EMC_FREQ 0% GR3D_FREQ 99% PLL@54.5C CPU@58.5C PMIC@50C GPU@54.5C AO@71.5C thermal@56.75C
RAM 2434/3964MB (lfb 107x4MB) SWAP 70/6078MB (cached 1MB) CPU [13%@1224,15%@1224,6%@1224,4%@1224] EMC_FREQ 0% GR3D_FREQ 99% PLL@54.5C CPU@59C PMIC@50C GPU@55C AO@71C thermal@56.75C
RAM 2433/3964MB (lfb 107x4MB) SWAP 70/6078MB (cached 1MB) CPU [9%@1224,17%@1224,2%@1224,6%@1224] EMC_FREQ 0% GR3D_FREQ 99% PLL@54.5C CPU@58.5C PMIC@50C GPU@54.5C AO@71.5C thermal@56.75C
RAM 2434/3964MB (lfb 107x4MB) SWAP 70/6078MB (cached 1MB) CPU [22%@1224,7%@1224,3%@1224,6%@1224] EMC_FREQ 0% GR3D_FREQ 99% PLL@54.5C CPU@58.5C PMIC@50C GPU@54.5C AO@71.5C thermal@56.5C
RAM 2434/3964MB (lfb 107x4MB) SWAP 70/6078MB (cached 1MB) CPU [20%@1224,14%@1224,3%@1224,2%@1224] EMC_FREQ 0% GR3D_FREQ 99% PLL@54C CPU@59C PMIC@50C GPU@54.5C AO@71.5C thermal@56.75C
RAM 2434/3964MB (lfb 107x4MB) SWAP 70/6078MB (cached 1MB) CPU [11%@1224,11%@1224,3%@1224,11%@1224] EMC_FREQ 0% GR3D_FREQ 99% PLL@54C CPU@58.5C PMIC@50C GPU@54.5C AO@71.5C thermal@56.75C
RAM 2434/3964MB (lfb 107x4MB) SWAP 70/6078MB (cached 1MB) CPU [10%@1224,13%@1224,11%@1224,4%@1224] EMC_FREQ 0% GR3D_FREQ 99% PLL@54.5C CPU@59C PMIC@50C GPU@54.5C AO@71.5C thermal@56.75C
RAM 2434/3964MB (lfb 107x4MB) SWAP 70/6078MB (cached 1MB) CPU [8%@1224,2%@1224,20%@1224,2%@1224] EMC_FREQ 0% GR3D_FREQ 99% PLL@54C CPU@58.5C PMIC@50C GPU@54.5C AO@71C thermal@56.5C
RAM 2433/3964MB (lfb 107x4MB) SWAP 70/6078MB (cached 1MB) CPU [9%@1224,11%@1224,8%@1224,10%@1224] EMC_FREQ 0% GR3D_FREQ 99% PLL@54.5C CPU@59C PMIC@50C GPU@54.5C AO@71.5C thermal@57C
RAM 2433/3964MB (lfb 107x4MB) SWAP 70/6078MB (cached 1MB) CPU [13%@1479,3%@1479,4%@1479,17%@1479] EMC_FREQ 0% GR3D_FREQ 99% PLL@54.5C CPU@59C PMIC@50C GPU@54.5C AO@71.5C thermal@56.75C
RAM 2433/3964MB (lfb 107x4MB) SWAP 70/6078MB (cached 1MB) CPU [17%@1224,12%@1224,4%@1224,4%@1224] EMC_FREQ 0% GR3D_FREQ 99% PLL@54.5C CPU@59C PMIC@50C GPU@55C AO@71.5C thermal@56.75C
RAM 2433/3964MB (lfb 107x4MB) SWAP 70/6078MB (cached 1MB) CPU [14%@1479,6%@1479,4%@1479,15%@1479] EMC_FREQ 0% GR3D_FREQ 99% PLL@54.5C CPU@59C PMIC@50C GPU@54.5C AO@71.5C thermal@57C
RAM 2433/3964MB (lfb 107x4MB) SWAP 70/6078MB (cached 1MB) CPU [23%@1224,6%@1224,2%@1224,4%@1224] EMC_FREQ 0% GR3D_FREQ 99% PLL@54.5C CPU@59.5C PMIC@50C GPU@55C AO@71.5C thermal@57C
RAM 2433/3964MB (lfb 107x4MB) SWAP 70/6078MB (cached 1MB) CPU [25%@1224,3%@1224,3%@1224,3%@1224] EMC_FREQ 0% GR3D_FREQ 99% PLL@54.5C CPU@59C PMIC@50C GPU@54.5C AO@71.5C thermal@57C
RAM 2433/3964MB (lfb 107x4MB) SWAP 70/6078MB (cached 1MB) CPU [12%@1224,15%@1224,1%@1224,4%@1224] EMC_FREQ 0% GR3D_FREQ 99% PLL@54.5C CPU@59C PMIC@50C GPU@55C AO@71.5C thermal@57C
RAM 2433/3964MB (lfb 107x4MB) SWAP 70/6078MB (cached 1MB) CPU [22%@1224,3%@1224,2%@1224,8%@1224] EMC_FREQ 0% GR3D_FREQ 99% PLL@54.5C CPU@59C PMIC@50C GPU@55C AO@71.5C thermal@57.25C
RAM 2433/3964MB (lfb 107x4MB) SWAP 70/6078MB (cached 1MB) CPU [16%@1224,10%@1224,1%@1224,10%@1224] EMC_FREQ 0% GR3D_FREQ 99% PLL@54.5C CPU@59.5C PMIC@50C GPU@55C AO@71.5C thermal@57C
RAM 2433/3964MB (lfb 107x4MB) SWAP 70/6078MB (cached 1MB) CPU [9%@1224,6%@1224,7%@1224,14%@1224] EMC_FREQ 0% GR3D_FREQ 99% PLL@54.5C CPU@59C PMIC@50C GPU@55C AO@71.5C thermal@57C
RAM 2433/3964MB (lfb 107x4MB) SWAP 70/6078MB (cached 1MB) CPU [13%@1224,16%@1224,4%@1224,5%@1224] EMC_FREQ 0% GR3D_FREQ 99% PLL@54.5C CPU@59C PMIC@50C GPU@55C AO@71.5C thermal@57C
RAM 2433/3964MB (lfb 107x4MB) SWAP 70/6078MB (cached 1MB) CPU [25%@1224,2%@1224,5%@1224,3%@1224] EMC_FREQ 0% GR3D_FREQ 99% PLL@55C CPU@59.5C PMIC@50C GPU@55C AO@71.5C thermal@57C
RAM 2433/3964MB (lfb 107x4MB) SWAP 70/6078MB (cached 1MB) CPU [17%@1224,7%@1224,11%@1224,3%@1224] EMC_FREQ 0% GR3D_FREQ 99% PLL@54.5C CPU@59.5C PMIC@50C GPU@55C AO@72C thermal@57.25C
RAM 2433/3964MB (lfb 107x4MB) SWAP 70/6078MB (cached 1MB) CPU [15%@1224,13%@1224,1%@1224,7%@1224] EMC_FREQ 0% GR3D_FREQ 99% PLL@54.5C CPU@59.5C PMIC@50C GPU@55.5C AO@72C thermal@57.25C
RAM 2433/3964MB (lfb 107x4MB) SWAP 70/6078MB (cached 1MB) CPU [18%@1224,12%@1224,5%@1224,3%@1224] EMC_FREQ 0% GR3D_FREQ 99% PLL@54.5C CPU@59.5C PMIC@50C GPU@55C AO@71.5C thermal@57.25C
RAM 2434/3964MB (lfb 107x4MB) SWAP 70/6078MB (cached 1MB) CPU [14%@1224,4%@1224,9%@1224,9%@1224] EMC_FREQ 0% GR3D_FREQ 99% PLL@54.5C CPU@59.5C PMIC@50C GPU@55C AO@72C thermal@57.25C
RAM 2434/3964MB (lfb 107x4MB) SWAP 70/6078MB (cached 1MB) CPU [28%@1224,5%@1224,3%@1224,3%@1224] EMC_FREQ 0% GR3D_FREQ 99% PLL@54.5C CPU@59.5C PMIC@50C GPU@55.5C AO@72C thermal@57.25C
RAM 2434/3964MB (lfb 107x4MB) SWAP 70/6078MB (cached 1MB) CPU [20%@1224,3%@1224,7%@1224,6%@1224] EMC_FREQ 0% GR3D_FREQ 99% PLL@54.5C CPU@59.5C PMIC@50C GPU@55C AO@72C thermal@57.5C
RAM 2434/3964MB (lfb 107x4MB) SWAP 70/6078MB (cached 1MB) CPU [23%@1479,5%@1479,11%@1479,2%@1479] EMC_FREQ 0% GR3D_FREQ 99% PLL@54.5C CPU@59.5C PMIC@50C GPU@55C AO@72C thermal@57.25C
RAM 2434/3964MB (lfb 107x4MB) SWAP 70/6078MB (cached 1MB) CPU [24%@1224,6%@1224,6%@1224,5%@1224] EMC_FREQ 0% GR3D_FREQ 99% PLL@54.5C CPU@59.5C PMIC@50C GPU@55.5C AO@71.5C thermal@57.25C
RAM 2434/3964MB (lfb 107x4MB) SWAP 70/6078MB (cached 1MB) CPU [26%@1224,4%@1224,1%@1224,6%@1224] EMC_FREQ 0% GR3D_FREQ 99% PLL@55C CPU@59.5C PMIC@50C GPU@55C AO@72C thermal@57.25C
RAM 2434/3964MB (lfb 107x4MB) SWAP 70/6078MB (cached 1MB) CPU [29%@1224,4%@1224,4%@1224,2%@1224] EMC_FREQ 0% GR3D_FREQ 99% PLL@54.5C CPU@59.5C PMIC@50C GPU@55.5C AO@72C thermal@57.25C
RAM 2412/3964MB (lfb 110x4MB) SWAP 70/6078MB (cached 1MB) CPU [9%@1479,7%@1479,48%@1479,3%@1479] EMC_FREQ 0% GR3D_FREQ 0% PLL@54C CPU@59C PMIC@50C GPU@53C AO@66C thermal@56.5C
RAM 1520/3964MB (lfb 133x4MB) SWAP 70/6078MB (cached 1MB) CPU [1%@1224,2%@1224,17%@1224,17%@1224] EMC_FREQ 0% GR3D_FREQ 0% PLL@53C CPU@56.5C PMIC@50C GPU@55C AO@65C thermal@54.25C
RAM 1520/3964MB (lfb 133x4MB) SWAP 70/6078MB (cached 1MB) CPU [1%@1224,0%@1224,0%@1224,1%@1224] EMC_FREQ 0% GR3D_FREQ 0% PLL@52.5C CPU@56.5C PMIC@50C GPU@51.5C AO@64.5C thermal@53.75C
RAM 1520/3964MB (lfb 133x4MB) SWAP 70/6078MB (cached 1MB) CPU [0%@1224,4%@1224,0%@1224,1%@1224] EMC_FREQ 0% GR3D_FREQ 0% PLL@52.5C CPU@56.5C PMIC@50C GPU@51.5C AO@64.5C thermal@53.75C
RAM 1520/3964MB (lfb 133x4MB) SWAP 70/6078MB (cached 1MB) CPU [2%@1224,0%@1224,0%@1224,0%@1224] EMC_FREQ 0% GR3D_FREQ 0% PLL@52.5C CPU@56C PMIC@50C GPU@51C AO@64C thermal@53.5C
RAM 1520/3964MB (lfb 133x4MB) SWAP 70/6078MB (cached 1MB) CPU [1%@1224,1%@1224,0%@1224,1%@1224] EMC_FREQ 0% GR3D_FREQ 0% PLL@52C CPU@56C PMIC@50C GPU@51C AO@64.5C thermal@53.5C
RAM 1520/3964MB (lfb 133x4MB) SWAP 70/6078MB (cached 1MB) CPU [1%@1224,1%@1224,0%@1224,0%@1224] EMC_FREQ 0% GR3D_FREQ 0% PLL@52C CPU@56C PMIC@50C GPU@51C AO@64C thermal@53.5C
RAM 1520/3964MB (lfb 133x4MB) SWAP 70/6078MB (cached 1MB) CPU [0%@1224,0%@1224,0%@1224,2%@1224] EMC_FREQ 0% GR3D_FREQ 0% PLL@52C CPU@56C PMIC@50C GPU@54C AO@64C thermal@53.25C
RAM 1520/3964MB (lfb 133x4MB) SWAP 70/6078MB (cached 1MB) CPU [2%@1224,1%@1224,0%@1224,1%@1224] EMC_FREQ 0% GR3D_FREQ 0% PLL@52C CPU@56C PMIC@50C GPU@50.5C AO@64C thermal@53.25C
RAM 1520/3964MB (lfb 133x4MB) SWAP 70/6078MB (cached 1MB) CPU [0%@1224,1%@1224,0%@1224,1%@1224] EMC_FREQ 0% GR3D_FREQ 0% PLL@51.5C CPU@55.5C PMIC@50C GPU@50.5C AO@63.5C thermal@53C
RAM 1520/3964MB (lfb 133x4MB) SWAP 70/6078MB (cached 1MB) CPU [1%@1224,1%@1224,0%@1224,1%@1224] EMC_FREQ 0% GR3D_FREQ 0% PLL@52C CPU@55.5C PMIC@50C GPU@50.5C AO@63.5C thermal@53C
RAM 1520/3964MB (lfb 133x4MB) SWAP 70/6078MB (cached 1MB) CPU [1%@1224,0%@1224,0%@1224,0%@1224] EMC_FREQ 0% GR3D_FREQ 0% PLL@51.5C CPU@55.5C PMIC@50C GPU@50C AO@63.5C thermal@53.25C
RAM 1520/3964MB (lfb 133x4MB) SWAP 70/6078MB (cached 1MB) CPU [0%@1224,0%@1224,0%@1224,1%@1224] EMC_FREQ 0% GR3D_FREQ 0% PLL@52C CPU@55.5C PMIC@50C GPU@50C AO@63C thermal@53.25C
RAM 1520/3964MB (lfb 133x4MB) SWAP 70/6078MB (cached 1MB) CPU [1%@1224,1%@1224,0%@1224,0%@1224] EMC_FREQ 0% GR3D_FREQ 0% PLL@51.5C CPU@55C PMIC@50C GPU@53.5C AO@63.5C thermal@53C
RAM 1520/3964MB (lfb 133x4MB) SWAP 70/6078MB (cached 1MB) CPU [1%@1224,1%@1224,0%@1224,0%@1224] EMC_FREQ 0% GR3D_FREQ 0% PLL@51.5C CPU@55.5C PMIC@50C GPU@50C AO@63C thermal@52.75C
RAM 1520/3964MB (lfb 133x4MB) SWAP 70/6078MB (cached 1MB) CPU [1%@1224,0%@1224,1%@1224,2%@1224] EMC_FREQ 0% GR3D_FREQ 0% PLL@51.5C CPU@55.5C PMIC@50C GPU@50C AO@63C thermal@52.75C
RAM 1520/3964MB (lfb 133x4MB) SWAP 70/6078MB (cached 1MB) CPU [0%@1224,0%@1224,0%@1224,1%@1224] EMC_FREQ 0% GR3D_FREQ 0% PLL@51.5C CPU@55.5C PMIC@50C GPU@50C AO@63.5C thermal@52.75C
RAM 1520/3964MB (lfb 133x4MB) SWAP 70/6078MB (cached 1MB) CPU [2%@1224,1%@1224,0%@1224,0%@1224] EMC_FREQ 0% GR3D_FREQ 0% PLL@51.5C CPU@55C PMIC@50C GPU@50C AO@63.5C thermal@52.75C
RAM 1520/3964MB (lfb 133x4MB) SWAP 70/6078MB (cached 1MB) CPU [0%@1224,0%@1224,0%@1224,2%@1224] EMC_FREQ 0% GR3D_FREQ 0% PLL@51C CPU@55C PMIC@50C GPU@50C AO@63.5C thermal@52.5C
RAM 1520/3964MB (lfb 133x4MB) SWAP 70/6078MB (cached 1MB) CPU [1%@1224,1%@1224,0%@1224,0%@1224] EMC_FREQ 0% GR3D_FREQ 0% PLL@51.5C CPU@55C PMIC@50C GPU@53.5C AO@63C thermal@52.25C
RAM 1520/3964MB (lfb 133x4MB) SWAP 70/6078MB (cached 1MB) CPU [1%@1224,0%@1224,0%@1224,1%@1224] EMC_FREQ 0% GR3D_FREQ 0% PLL@51C CPU@55C PMIC@50C GPU@49.5C AO@63C thermal@52.5C
RAM 1520/3964MB (lfb 133x4MB) SWAP 70/6078MB (cached 1MB) CPU [1%@1224,0%@1224,0%@1224,1%@1224] EMC_FREQ 0% GR3D_FREQ 0% PLL@51C CPU@55C PMIC@50C GPU@49.5C AO@63C thermal@52.75C
RAM 1520/3964MB (lfb 133x4MB) SWAP 70/6078MB (cached 1MB) CPU [0%@1224,0%@1224,0%@1224,1%@1224] EMC_FREQ 0% GR3D_FREQ 0% PLL@51C CPU@55C PMIC@50C GPU@50C AO@63C thermal@52.75C
RAM 1520/3964MB (lfb 133x4MB) SWAP 70/6078MB (cached 1MB) CPU [0%@1224,1%@1224,0%@1224,1%@1224] EMC_FREQ 0% GR3D_FREQ 0% PLL@51C CPU@54.5C PMIC@50C GPU@49.5C AO@62.5C thermal@52.5C
RAM 1520/3964MB (lfb 133x4MB) SWAP 70/6078MB (cached 1MB) CPU [1%@1224,0%@1224,0%@1224,1%@1224] EMC_FREQ 0% GR3D_FREQ 0% PLL@51C CPU@55C PMIC@50C GPU@49.5C AO@63C thermal@52.25C
RAM 1520/3964MB (lfb 133x4MB) SWAP 70/6078MB (cached 1MB) CPU [0%@1224,0%@1224,0%@1224,1%@1224] EMC_FREQ 0% GR3D_FREQ 0% PLL@51C CPU@54.5C PMIC@50C GPU@53C AO@62.5C thermal@52.5C
RAM 1520/3964MB (lfb 133x4MB) SWAP 70/6078MB (cached 1MB) CPU [2%@1224,0%@1224,0%@1224,1%@1224] EMC_FREQ 0% GR3D_FREQ 0% PLL@50.5C CPU@54.5C PMIC@50C GPU@49.5C AO@62.5C thermal@52C
RAM 1520/3964MB (lfb 133x4MB) SWAP 70/6078MB (cached 1MB) CPU [0%@1224,0%@1224,0%@1224,1%@1224] EMC_FREQ 0% GR3D_FREQ 0% PLL@50.5C CPU@54.5C PMIC@50C GPU@49C AO@62.5C thermal@52C
RAM 1520/3964MB (lfb 133x4MB) SWAP 70/6078MB (cached 1MB) CPU [1%@1224,0%@1224,0%@1224,1%@1224] EMC_FREQ 0% GR3D_FREQ 0% PLL@50.5C CPU@54.5C PMIC@50C GPU@49.5C AO@62.5C thermal@52C
RAM 1520/3964MB (lfb 133x4MB) SWAP 70/6078MB (cached 1MB) CPU [1%@1224,1%@1224,1%@1224,2%@1224] EMC_FREQ 0% GR3D_FREQ 0% PLL@50.5C CPU@54.5C PMIC@50C GPU@49.5C AO@62C thermal@51.75C
RAM 1520/3964MB (lfb 133x4MB) SWAP 70/6078MB (cached 1MB) CPU [1%@1224,1%@1224,0%@1224,1%@1224] EMC_FREQ 0% GR3D_FREQ 0% PLL@51C CPU@54.5C PMIC@50C GPU@49.5C AO@62C thermal@53.5C
RAM 1520/3964MB (lfb 133x4MB) SWAP 70/6078MB (cached 1MB) CPU [1%@1224,0%@1224,0%@1224,0%@1224] EMC_FREQ 0% GR3D_FREQ 0% PLL@50.5C CPU@54.5C PMIC@50C GPU@52.5C AO@62C thermal@53.5C
RAM 1520/3964MB (lfb 133x4MB) SWAP 70/6078MB (cached 1MB) CPU [1%@1224,0%@1224,0%@1224,1%@1224] EMC_FREQ 0% GR3D_FREQ 0% PLL@50.5C CPU@54.5C PMIC@50C GPU@49C AO@62C thermal@53.5C
RAM 1520/3964MB (lfb 133x4MB) SWAP 70/6078MB (cached 1MB) CPU [1%@1224,4%@1224,1%@1224,1%@1224] EMC_FREQ 0% GR3D_FREQ 0% PLL@50C CPU@54C PMIC@50C GPU@49C AO@62C thermal@51.5C
RAM 1520/3964MB (lfb 133x4MB) SWAP 70/6078MB (cached 1MB) CPU [1%@1224,1%@1224,0%@1224,1%@1224] EMC_FREQ 0% GR3D_FREQ 0% PLL@50C CPU@54.5C PMIC@50C GPU@49C AO@62C thermal@51.5C
RAM 1520/3964MB (lfb 133x4MB) SWAP 70/6078MB (cached 1MB) CPU [1%@1224,0%@1224,0%@1224,0%@1224] EMC_FREQ 0% GR3D_FREQ 0% PLL@50.5C CPU@54.5C PMIC@50C GPU@48.5C AO@62C thermal@51.75C
RAM 1520/3964MB (lfb 133x4MB) SWAP 70/6078MB (cached 1MB) CPU [1%@1224,0%@1224,0%@1224,1%@1224] EMC_FREQ 0% GR3D_FREQ 0% PLL@50C CPU@54.5C PMIC@50C GPU@48.5C AO@62C thermal@51.75C
RAM 1520/3964MB (lfb 133x4MB) SWAP 70/6078MB (cached 1MB) CPU [1%@1224,0%@1224,0%@1224,1%@1224] EMC_FREQ 0% GR3D_FREQ 0% PLL@50C CPU@54C PMIC@50C GPU@52C AO@61.5C thermal@51.5C
RAM 1520/3964MB (lfb 133x4MB) SWAP 70/6078MB (cached 1MB) CPU [2%@1224,0%@1224,0%@1224,1%@1224] EMC_FREQ 0% GR3D_FREQ 0% PLL@50.5C CPU@54C PMIC@50C GPU@49C AO@61.5C thermal@51.5C
RAM 1520/3964MB (lfb 133x4MB) SWAP 70/6078MB (cached 1MB) CPU [1%@1224,0%@1224,0%@1224,1%@1224] EMC_FREQ 0% GR3D_FREQ 0% PLL@50C CPU@54C PMIC@50C GPU@48.5C AO@61.5C thermal@51.5C
RAM 1520/3964MB (lfb 133x4MB) SWAP 70/6078MB (cached 1MB) CPU [1%@1224,1%@1224,0%@1224,1%@1224] EMC_FREQ 0% GR3D_FREQ 0% PLL@50C CPU@54C PMIC@50C GPU@48.5C AO@62C thermal@51.5C
RAM 1520/3964MB (lfb 133x4MB) SWAP 70/6078MB (cached 1MB) CPU [1%@1224,0%@1224,0%@1224,0%@1224] EMC_FREQ 0% GR3D_FREQ 0% PLL@49.5C CPU@54C PMIC@50C GPU@48.5C AO@61.5C thermal@51.25C
RAM 1520/3964MB (lfb 133x4MB) SWAP 70/6078MB (cached 1MB) CPU [0%@1224,0%@1224,0%@1224,0%@1224] EMC_FREQ 0% GR3D_FREQ 8% PLL@50C CPU@53.5C PMIC@50C GPU@48.5C AO@61.5C thermal@51C
RAM 1520/3964MB (lfb 133x4MB) SWAP 70/6078MB (cached 1MB) CPU [1%@1224,0%@1224,0%@1224,0%@1224] EMC_FREQ 0% GR3D_FREQ 0% PLL@50C CPU@53.5C PMIC@50C GPU@52C AO@61C thermal@51C
RAM 1520/3964MB (lfb 133x4MB) SWAP 70/6078MB (cached 1MB) CPU [1%@1224,0%@1224,0%@1224,0%@1224] EMC_FREQ 0% GR3D_FREQ 0% PLL@49.5C CPU@53.5C PMIC@50C GPU@48.5C AO@61C thermal@51C
RAM 1520/3964MB (lfb 133x4MB) SWAP 70/6078MB (cached 1MB) CPU [1%@1224,1%@1224,0%@1224,0%@1224] EMC_FREQ 0% GR3D_FREQ 0% PLL@49.5C CPU@53.5C PMIC@50C GPU@48C AO@61.5C thermal@51C
RAM 1520/3964MB (lfb 133x4MB) SWAP 70/6078MB (cached 1MB) CPU [1%@1224,0%@1224,0%@1224,1%@1224] EMC_FREQ 0% GR3D_FREQ 0% PLL@49.5C CPU@53.5C PMIC@50C GPU@48C AO@61C thermal@51C
RAM 1520/3964MB (lfb 133x4MB) SWAP 70/6078MB (cached 1MB) CPU [1%@1224,1%@1224,0%@1224,0%@1224] EMC_FREQ 0% GR3D_FREQ 0% PLL@49.5C CPU@53.5C PMIC@50C GPU@48C AO@61C thermal@52.5C
RAM 1520/3964MB (lfb 133x4MB) SWAP 70/6078MB (cached 1MB) CPU [2%@1224,0%@1224,0%@1224,0%@1224] EMC_FREQ 0% GR3D_FREQ 8% PLL@49C CPU@53.5C PMIC@50C GPU@48C AO@61C thermal@52C
RAM 1520/3964MB (lfb 133x4MB) SWAP 70/6078MB (cached 1MB) CPU [0%@1224,0%@1224,0%@1224,0%@1224] EMC_FREQ 0% GR3D_FREQ 0% PLL@49.5C CPU@53C PMIC@50C GPU@51.5C AO@61C thermal@52.25C
RAM 1520/3964MB (lfb 133x4MB) SWAP 70/6078MB (cached 1MB) CPU [1%@1224,0%@1224,0%@1224,0%@1224] EMC_FREQ 0% GR3D_FREQ 0% PLL@49.5C CPU@53C PMIC@50C GPU@48C AO@60.5C thermal@52.25C
RAM 1520/3964MB (lfb 133x4MB) SWAP 70/6078MB (cached 1MB) CPU [0%@1224,0%@1224,0%@1224,1%@1224] EMC_FREQ 0% GR3D_FREQ 0% PLL@49C CPU@53C PMIC@50C GPU@47.5C AO@61C thermal@50.5C
RAM 1520/3964MB (lfb 133x4MB) SWAP 70/6078MB (cached 1MB) CPU [2%@1224,1%@1224,0%@1224,0%@1224] EMC_FREQ 0% GR3D_FREQ 29% PLL@49.5C CPU@53C PMIC@50C GPU@48C AO@60.5C thermal@50.5C
RAM 1520/3964MB (lfb 133x4MB) SWAP 70/6078MB (cached 1MB) CPU [1%@1224,1%@1224,0%@1224,0%@1224] EMC_FREQ 0% GR3D_FREQ 0% PLL@49C CPU@53C PMIC@50C GPU@48C AO@60.5C thermal@50.5C
RAM 1520/3964MB (lfb 133x4MB) SWAP 70/6078MB (cached 1MB) CPU [1%@1224,1%@1224,0%@1224,1%@1224] EMC_FREQ 0% GR3D_FREQ 40% PLL@49C CPU@53C PMIC@50C GPU@47.5C AO@60.5C thermal@50.25C
RAM 1522/3964MB (lfb 133x4MB) SWAP 70/6078MB (cached 1MB) CPU [8%@1479,4%@1479,5%@1479,5%@1479] EMC_FREQ 0% GR3D_FREQ 0% PLL@50C CPU@54C PMIC@50C GPU@52C AO@61C thermal@50.5C
RAM 1522/3964MB (lfb 133x4MB) SWAP 70/6078MB (cached 1MB) CPU [1%@1224,1%@1224,0%@1224,0%@1224] EMC_FREQ 0% GR3D_FREQ 0% PLL@49C CPU@53C PMIC@50C GPU@47.5C AO@60.5C thermal@50.5C
RAM 1522/3964MB (lfb 133x4MB) SWAP 70/6078MB (cached 1MB) CPU [2%@1224,1%@1224,0%@1224,0%@1224] EMC_FREQ 0% GR3D_FREQ 0% PLL@49C CPU@53C PMIC@50C GPU@47.5C AO@60.5C thermal@50.25C
RAM 1522/3964MB (lfb 133x4MB) SWAP 70/6078MB (cached 1MB) CPU [1%@1224,0%@1224,0%@1224,1%@1224] EMC_FREQ 0% GR3D_FREQ 27% PLL@49C CPU@53C PMIC@50C GPU@47C AO@60.5C thermal@50.25C
RAM 1522/3964MB (lfb 133x4MB) SWAP 70/6078MB (cached 1MB) CPU [2%@1224,0%@1224,0%@1224,2%@1224] EMC_FREQ 0% GR3D_FREQ 0% PLL@49C CPU@53C PMIC@50C GPU@47.5C AO@60C thermal@50.25C
RAM 1522/3964MB (lfb 133x4MB) SWAP 70/6078MB (cached 1MB) CPU [2%@1224,1%@1224,1%@1224,1%@1224] EMC_FREQ 0% GR3D_FREQ 38% PLL@49C CPU@53C PMIC@50C GPU@47C AO@60C thermal@50C
RAM 1522/3964MB (lfb 133x4MB) SWAP 70/6078MB (cached 1MB) CPU [1%@1224,0%@1224,0%@1224,1%@1224] EMC_FREQ 0% GR3D_FREQ 0% PLL@48.5C CPU@52.5C PMIC@50C GPU@50.5C AO@60C thermal@50C
RAM 1522/3964MB (lfb 133x4MB) SWAP 70/6078MB (cached 1MB) CPU [1%@1224,0%@1224,0%@1224,1%@1224] EMC_FREQ 0% GR3D_FREQ 0% PLL@48.5C CPU@52.5C PMIC@50C GPU@47.5C AO@59.5C thermal@50C
RAM 1522/3964MB (lfb 133x4MB) SWAP 70/6078MB (cached 1MB) CPU [1%@1224,1%@1224,3%@1224,0%@1224] EMC_FREQ 0% GR3D_FREQ 0% PLL@48.5C CPU@52.5C PMIC@50C GPU@47.5C AO@59.5C thermal@50.25C
RAM 1522/3964MB (lfb 133x4MB) SWAP 70/6078MB (cached 1MB) CPU [1%@1224,1%@1224,0%@1224,0%@1224] EMC_FREQ 0% GR3D_FREQ 33% PLL@48.5C CPU@52.5C PMIC@50C GPU@47.5C AO@60C thermal@50C
RAM 1522/3964MB (lfb 133x4MB) SWAP 70/6078MB (cached 1MB) CPU [2%@1224,0%@1224,0%@1224,1%@1224] EMC_FREQ 0% GR3D_FREQ 0% PLL@48C CPU@52.5C PMIC@50C GPU@47C AO@59.5C thermal@51.5C
RAM 1521/3964MB (lfb 133x4MB) SWAP 70/6078MB (cached 1MB) CPU [2%@1224,1%@1224,2%@1224,2%@1224] EMC_FREQ 0% GR3D_FREQ 39% PLL@48.5C CPU@52.5C PMIC@50C GPU@47C AO@59.5C thermal@51.5C
RAM 1521/3964MB (lfb 133x4MB) SWAP 70/6078MB (cached 1MB) CPU [2%@1224,0%@1224,0%@1224,0%@1224] EMC_FREQ 0% GR3D_FREQ 0% PLL@48.5C CPU@52C PMIC@50C GPU@50.5C AO@59.5C thermal@49.75C
RAM 1521/3964MB (lfb 133x4MB) SWAP 70/6078MB (cached 1MB) CPU [0%@1224,0%@1224,0%@1224,1%@1224] EMC_FREQ 0% GR3D_FREQ 0% PLL@48C CPU@52.5C PMIC@50C GPU@47C AO@60C thermal@49.5C
RAM 1521/3964MB (lfb 133x4MB) SWAP 70/6078MB (cached 1MB) CPU [1%@1224,0%@1224,0%@1224,1%@1224] EMC_FREQ 0% GR3D_FREQ 0% PLL@48C CPU@52C PMIC@50C GPU@47C AO@59.5C thermal@49.5C
RAM 1521/3964MB (lfb 133x4MB) SWAP 70/6078MB (cached 1MB) CPU [0%@1224,0%@1224,0%@1224,1%@1224] EMC_FREQ 0% GR3D_FREQ 22% PLL@48C CPU@52C PMIC@50C GPU@47C AO@59.5C thermal@49.5C
RAM 1521/3964MB (lfb 133x4MB) SWAP 70/6078MB (cached 1MB) CPU [1%@1224,0%@1224,0%@1224,0%@1224] EMC_FREQ 0% GR3D_FREQ 0% PLL@48C CPU@51.5C PMIC@50C GPU@47C AO@59.5C thermal@49.5C
RAM 1521/3964MB (lfb 133x4MB) SWAP 70/6078MB (cached 1MB) CPU [1%@1224,0%@1224,0%@1224,0%@1224] EMC_FREQ 0% GR3D_FREQ 0% PLL@48C CPU@52C PMIC@50C GPU@46.5C AO@59C thermal@49.25C
RAM 1521/3964MB (lfb 133x4MB) SWAP 70/6078MB (cached 1MB) CPU [1%@1224,1%@1224,0%@1224,0%@1224] EMC_FREQ 0% GR3D_FREQ 0% PLL@48C CPU@52C PMIC@50C GPU@50C AO@59.5C thermal@49.25C
RAM 1521/3964MB (lfb 133x4MB) SWAP 70/6078MB (cached 1MB) CPU [1%@1224,0%@1224,0%@1224,1%@1224] EMC_FREQ 0% GR3D_FREQ 0% PLL@48C CPU@52C PMIC@50C GPU@46.5C AO@59.5C thermal@49.25C
RAM 1521/3964MB (lfb 133x4MB) SWAP 70/6078MB (cached 1MB) CPU [1%@1224,1%@1224,0%@1224,1%@1224] EMC_FREQ 0% GR3D_FREQ 0% PLL@48C CPU@51.5C PMIC@50C GPU@46.5C AO@59.5C thermal@49C
RAM 1520/3964MB (lfb 133x4MB) SWAP 70/6078MB (cached 1MB) CPU [1%@1224,1%@1224,0%@1224,0%@1224] EMC_FREQ 0% GR3D_FREQ 18% PLL@48C CPU@52C PMIC@50C GPU@46.5C AO@59.5C thermal@49.5C
RAM 1520/3964MB (lfb 133x4MB) SWAP 70/6078MB (cached 1MB) CPU [1%@1224,0%@1224,0%@1224,0%@1224] EMC_FREQ 0% GR3D_FREQ 0% PLL@48C CPU@51.5C PMIC@50C GPU@47C AO@59C thermal@49.25C
RAM 1520/3964MB (lfb 133x4MB) SWAP 70/6078MB (cached 1MB) CPU [1%@1224,1%@1224,0%@1224,1%@1224] EMC_FREQ 0% GR3D_FREQ 0% PLL@48C CPU@51.5C PMIC@50C GPU@46.5C AO@59C thermal@49.25C
RAM 1520/3964MB (lfb 133x4MB) SWAP 70/6078MB (cached 1MB) CPU [1%@1224,0%@1224,0%@1224,0%@1224] EMC_FREQ 0% GR3D_FREQ 0% PLL@48C CPU@51.5C PMIC@50C GPU@50C AO@59.5C thermal@49C
RAM 1520/3964MB (lfb 133x4MB) SWAP 70/6078MB (cached 1MB) CPU [1%@1224,0%@1224,1%@1224,0%@1224] EMC_FREQ 0% GR3D_FREQ 0% PLL@48C CPU@51.5C PMIC@50C GPU@46C AO@58.5C thermal@50.75C
RAM 1520/3964MB (lfb 133x4MB) SWAP 70/6078MB (cached 1MB) CPU [1%@1224,0%@1224,0%@1224,1%@1224] EMC_FREQ 0% GR3D_FREQ 0% PLL@47.5C CPU@51.5C PMIC@50C GPU@46C AO@59.5C thermal@48.75C
RAM 1520/3964MB (lfb 133x4MB) SWAP 70/6078MB (cached 1MB) CPU [1%@1224,0%@1224,1%@1224,1%@1224] EMC_FREQ 0% GR3D_FREQ 0% PLL@47.5C CPU@51.5C PMIC@50C GPU@46.5C AO@59C thermal@48.75C
RAM 1520/3964MB (lfb 133x4MB) SWAP 70/6078MB (cached 1MB) CPU [2%@1224,0%@1224,0%@1224,1%@1224] EMC_FREQ 0% GR3D_FREQ 0% PLL@47.5C CPU@51C PMIC@50C GPU@46C AO@59C thermal@49C
RAM 1520/3964MB (lfb 133x4MB) SWAP 70/6078MB (cached 1MB) CPU [0%@1224,0%@1224,0%@1224,0%@1224] EMC_FREQ 0% GR3D_FREQ 0% PLL@47.5C CPU@51.5C PMIC@50C GPU@46.5C AO@59C thermal@48.75C
RAM 1520/3964MB (lfb 133x4MB) SWAP 70/6078MB (cached 1MB) CPU [1%@1224,1%@1224,0%@1224,0%@1224] EMC_FREQ 0% GR3D_FREQ 0% PLL@47.5C CPU@51C PMIC@50C GPU@49.5C AO@59C thermal@48.5C
RAM 1520/3964MB (lfb 133x4MB) SWAP 70/6078MB (cached 1MB) CPU [1%@1224,0%@1224,0%@1224,1%@1224] EMC_FREQ 0% GR3D_FREQ 0% PLL@47.5C CPU@51C PMIC@50C GPU@46C AO@59C thermal@48.5C
RAM 1520/3964MB (lfb 133x4MB) SWAP 70/6078MB (cached 1MB) CPU [1%@1224,0%@1224,0%@1224,1%@1224] EMC_FREQ 0% GR3D_FREQ 0% PLL@47C CPU@51C PMIC@50C GPU@46C AO@59C thermal@48.5C
RAM 1520/3964MB (lfb 133x4MB) SWAP 70/6078MB (cached 1MB) CPU [0%@1224,0%@1224,0%@1224,1%@1224] EMC_FREQ 0% GR3D_FREQ 0% PLL@47C CPU@51C PMIC@50C GPU@45.5C AO@59C thermal@48.5C
RAM 1520/3964MB (lfb 133x4MB) SWAP 70/6078MB (cached 1MB) CPU [2%@1224,0%@1224,1%@1224,1%@1224] EMC_FREQ 0% GR3D_FREQ 0% PLL@47C CPU@51C PMIC@50C GPU@46C AO@59C thermal@48.5C
RAM 1520/3964MB (lfb 133x4MB) SWAP 70/6078MB (cached 1MB) CPU [1%@1224,0%@1224,0%@1224,0%@1224] EMC_FREQ 0% GR3D_FREQ 0% PLL@47C CPU@51C PMIC@50C GPU@49C AO@58.5C thermal@48.5C
RAM 1520/3964MB (lfb 133x4MB) SWAP 70/6078MB (cached 1MB) CPU [0%@1224,3%@1224,0%@1224,1%@1224] EMC_FREQ 0% GR3D_FREQ 0% PLL@47C CPU@50.5C PMIC@50C GPU@49C AO@58.5C thermal@48.25C
RAM 1520/3964MB (lfb 133x4MB) SWAP 70/6078MB (cached 1MB) CPU [2%@1224,1%@1224,0%@1224,0%@1224] EMC_FREQ 0% GR3D_FREQ 0% PLL@47C CPU@51C PMIC@50C GPU@46C AO@58.5C thermal@48.25C
RAM 1520/3964MB (lfb 133x4MB) SWAP 70/6078MB (cached 1MB) CPU [0%@1224,4%@1224,0%@1224,0%@1224] EMC_FREQ 0% GR3D_FREQ 0% PLL@47C CPU@51C PMIC@50C GPU@45.5C AO@58.5C thermal@48.25C
RAM 1520/3964MB (lfb 133x4MB) SWAP 70/6078MB (cached 1MB) CPU [0%@1224,0%@1224,0%@1224,0%@1224] EMC_FREQ 0% GR3D_FREQ 0% PLL@47C CPU@50.5C PMIC@50C GPU@45.5C AO@58.5C thermal@48.25C
RAM 1520/3964MB (lfb 133x4MB) SWAP 70/6078MB (cached 1MB) CPU [1%@1224,0%@1224,0%@1224,2%@1224] EMC_FREQ 0% GR3D_FREQ 0% PLL@47C CPU@50.5C PMIC@50C GPU@45.5C AO@58C thermal@48C
RAM 1520/3964MB (lfb 133x4MB) SWAP 70/6078MB (cached 1MB) CPU [0%@1224,1%@1224,0%@1224,0%@1224] EMC_FREQ 0% GR3D_FREQ 0% PLL@47C CPU@50.5C PMIC@50C GPU@49C AO@58C thermal@49.75C
RAM 1520/3964MB (lfb 133x4MB) SWAP 70/6078MB (cached 1MB) CPU [2%@1224,0%@1224,0%@1224,1%@1224] EMC_FREQ 0% GR3D_FREQ 0% PLL@47C CPU@50.5C PMIC@50C GPU@49C AO@58.5C thermal@49.75C
RAM 1520/3964MB (lfb 133x4MB) SWAP 70/6078MB (cached 1MB) CPU [1%@1224,0%@1224,0%@1224,1%@1224] EMC_FREQ 0% GR3D_FREQ 0% PLL@47C CPU@50.5C PMIC@50C GPU@45.5C AO@58.5C thermal@49.75C
RAM 1520/3964MB (lfb 133x4MB) SWAP 70/6078MB (cached 1MB) CPU [1%@1224,1%@1224,0%@1224,0%@1224] EMC_FREQ 0% GR3D_FREQ 0% PLL@47C CPU@50.5C PMIC@50C GPU@45.5C AO@58.5C thermal@48C
RAM 1520/3964MB (lfb 133x4MB) SWAP 70/6078MB (cached 1MB) CPU [0%@1224,0%@1224,0%@1224,0%@1224] EMC_FREQ 0% GR3D_FREQ 0% PLL@47C CPU@50.5C PMIC@50C GPU@45.5C AO@58.5C thermal@48C
RAM 1520/3964MB (lfb 133x4MB) SWAP 70/6078MB (cached 1MB) CPU [2%@1224,1%@1224,0%@1224,0%@1224] EMC_FREQ 0% GR3D_FREQ 0% PLL@46.5C CPU@50.5C PMIC@50C GPU@45.5C AO@58C thermal@48C
RAM 1520/3964MB (lfb 133x4MB) SWAP 70/6078MB (cached 1MB) CPU [0%@1224,0%@1224,0%@1224,0%@1224] EMC_FREQ 0% GR3D_FREQ 0% PLL@46.5C CPU@50C PMIC@50C GPU@48.5C AO@58.5C thermal@48C
RAM 1520/3964MB (lfb 133x4MB) SWAP 70/6078MB (cached 1MB) CPU [2%@1224,0%@1224,1%@1224,0%@1224] EMC_FREQ 0% GR3D_FREQ 0% PLL@46.5C CPU@50.5C PMIC@50C GPU@48.5C AO@58C thermal@48C
RAM 1520/3964MB (lfb 133x4MB) SWAP 70/6078MB (cached 1MB) CPU [1%@1224,1%@1224,0%@1224,1%@1224] EMC_FREQ 0% GR3D_FREQ 0% PLL@46.5C CPU@50.5C PMIC@50C GPU@45.5C AO@57.5C thermal@48C
RAM 1520/3964MB (lfb 133x4MB) SWAP 70/6078MB (cached 1MB) CPU [1%@1224,0%@1224,0%@1224,1%@1224] EMC_FREQ 0% GR3D_FREQ 0% PLL@47C CPU@50C PMIC@50C GPU@45.5C AO@58C thermal@47.75C
RAM 1520/3964MB (lfb 133x4MB) SWAP 70/6078MB (cached 1MB) CPU [0%@1224,1%@1224,0%@1224,0%@1224] EMC_FREQ 0% GR3D_FREQ 0% PLL@46.5C CPU@50.5C PMIC@50C GPU@45C AO@58C thermal@47.75C
RAM 1520/3964MB (lfb 133x4MB) SWAP 70/6078MB (cached 1MB) CPU [3%@1224,1%@1224,0%@1224,0%@1224] EMC_FREQ 0% GR3D_FREQ 0% PLL@46.5C CPU@50.5C PMIC@50C GPU@45.5C AO@58C thermal@47.75C
RAM 1520/3964MB (lfb 133x4MB) SWAP 70/6078MB (cached 1MB) CPU [1%@1224,0%@1224,0%@1224,0%@1224] EMC_FREQ 0% GR3D_FREQ 0% PLL@46.5C CPU@50C PMIC@50C GPU@48.5C AO@57.5C thermal@47.75C
RAM 1520/3964MB (lfb 133x4MB) SWAP 70/6078MB (cached 1MB) CPU [0%@1224,1%@1224,0%@1224,1%@1224] EMC_FREQ 0% GR3D_FREQ 0% PLL@46.5C CPU@50.5C PMIC@50C GPU@48.5C AO@57.5C thermal@47.75C
RAM 1520/3964MB (lfb 133x4MB) SWAP 70/6078MB (cached 1MB) CPU [1%@1224,1%@1224,0%@1224,0%@1224] EMC_FREQ 0% GR3D_FREQ 0% PLL@46C CPU@50.5C PMIC@50C GPU@45C AO@57.5C thermal@47.75C
RAM 1520/3964MB (lfb 133x4MB) SWAP 70/6078MB (cached 1MB) CPU [0%@1224,1%@1224,0%@1224,0%@1224] EMC_FREQ 0% GR3D_FREQ 0% PLL@46C CPU@50C PMIC@50C GPU@45C AO@57.5C thermal@47.5C
RAM 1520/3964MB (lfb 133x4MB) SWAP 70/6078MB (cached 1MB) CPU [1%@1224,0%@1224,0%@1224,0%@1224] EMC_FREQ 0% GR3D_FREQ 0% PLL@46C CPU@50C PMIC@50C GPU@45C AO@57.5C thermal@49C
RAM 1520/3964MB (lfb 133x4MB) SWAP 70/6078MB (cached 1MB) CPU [2%@1224,0%@1224,0%@1224,2%@1224] EMC_FREQ 0% GR3D_FREQ 0% PLL@46C CPU@50C PMIC@50C GPU@45C AO@58C thermal@49C
RAM 1520/3964MB (lfb 133x4MB) SWAP 70/6078MB (cached 1MB) CPU [0%@1224,0%@1224,0%@1224,0%@1224] EMC_FREQ 0% GR3D_FREQ 0% PLL@46C CPU@50C PMIC@50C GPU@48C AO@57.5C thermal@49C
RAM 1520/3964MB (lfb 133x4MB) SWAP 70/6078MB (cached 1MB) CPU [1%@1224,0%@1224,0%@1224,1%@1224] EMC_FREQ 0% GR3D_FREQ 0% PLL@46C CPU@50C PMIC@50C GPU@48C AO@57.5C thermal@47.5C
RAM 1520/3964MB (lfb 133x4MB) SWAP 70/6078MB (cached 1MB) CPU [1%@1224,1%@1224,0%@1224,1%@1224] EMC_FREQ 0% GR3D_FREQ 0% PLL@46C CPU@50C PMIC@50C GPU@44.5C AO@57.5C thermal@47.5C
RAM 1520/3964MB (lfb 133x4MB) SWAP 70/6078MB (cached 1MB) CPU [1%@1224,2%@1224,0%@1224,1%@1224] EMC_FREQ 0% GR3D_FREQ 0% PLL@46.5C CPU@50C PMIC@50C GPU@44.5C AO@57.5C thermal@47.25C
RAM 1520/3964MB (lfb 133x4MB) SWAP 70/6078MB (cached 1MB) CPU [0%@1224,0%@1224,0%@1224,1%@1224] EMC_FREQ 0% GR3D_FREQ 0% PLL@46C CPU@49.5C PMIC@50C GPU@44.5C AO@57.5C thermal@47C
RAM 1520/3964MB (lfb 133x4MB) SWAP 70/6078MB (cached 1MB) CPU [2%@1224,1%@1224,0%@1224,0%@1224] EMC_FREQ 0% GR3D_FREQ 0% PLL@46C CPU@49.5C PMIC@50C GPU@44.5C AO@57C thermal@47C
RAM 1520/3964MB (lfb 133x4MB) SWAP 70/6078MB (cached 1MB) CPU [1%@1224,0%@1224,0%@1224,0%@1224] EMC_FREQ 0% GR3D_FREQ 0% PLL@45.5C CPU@49.5C PMIC@50C GPU@47.5C AO@57C thermal@47C
RAM 1520/3964MB (lfb 133x4MB) SWAP 70/6078MB (cached 1MB) CPU [2%@1224,0%@1224,0%@1224,1%@1224] EMC_FREQ 0% GR3D_FREQ 0% PLL@46C CPU@49.5C PMIC@50C GPU@44.5C AO@57C thermal@47C
RAM 1520/3964MB (lfb 133x4MB) SWAP 70/6078MB (cached 1MB) CPU [0%@1224,1%@1224,1%@1224,1%@1224] EMC_FREQ 0% GR3D_FREQ 0% PLL@45.5C CPU@49.5C PMIC@50C GPU@44.5C AO@57C thermal@47C
RAM 1520/3964MB (lfb 133x4MB) SWAP 70/6078MB (cached 1MB) CPU [2%@1224,3%@1224,0%@1224,1%@1224] EMC_FREQ 0% GR3D_FREQ 0% PLL@45.5C CPU@49.5C PMIC@50C GPU@44.5C AO@57C thermal@47C
RAM 1520/3964MB (lfb 133x4MB) SWAP 70/6078MB (cached 1MB) CPU [1%@1224,1%@1224,1%@1224,0%@1224] EMC_FREQ 0% GR3D_FREQ 0% PLL@45.5C CPU@49C PMIC@50C GPU@44C AO@57C thermal@46.75C
RAM 1520/3964MB (lfb 133x4MB) SWAP 70/6078MB (cached 1MB) CPU [2%@1224,0%@1224,0%@1224,1%@1224] EMC_FREQ 0% GR3D_FREQ 0% PLL@45.5C CPU@49C PMIC@50C GPU@44.5C AO@57C thermal@46.75C
RAM 1520/3964MB (lfb 133x4MB) SWAP 70/6078MB (cached 1MB) CPU [0%@1224,0%@1224,0%@1224,0%@1224] EMC_FREQ 0% GR3D_FREQ 0% PLL@45.5C CPU@49C PMIC@50C GPU@47.5C AO@57C thermal@46.75C
RAM 1520/3964MB (lfb 133x4MB) SWAP 70/6078MB (cached 1MB) CPU [2%@1224,0%@1224,0%@1224,2%@1224] EMC_FREQ 0% GR3D_FREQ 0% PLL@45.5C CPU@49.5C PMIC@50C GPU@47.5C AO@56.5C thermal@46.5C
RAM 1520/3964MB (lfb 133x4MB) SWAP 70/6078MB (cached 1MB) CPU [0%@1224,0%@1224,0%@1224,1%@1224] EMC_FREQ 0% GR3D_FREQ 0% PLL@45C CPU@49C PMIC@50C GPU@44.5C AO@57C thermal@47C
RAM 1520/3964MB (lfb 133x4MB) SWAP 70/6078MB (cached 1MB) CPU [1%@1224,1%@1224,0%@1224,0%@1224] EMC_FREQ 0% GR3D_FREQ 0% PLL@45.5C CPU@49C PMIC@50C GPU@44C AO@57C thermal@46.75C
RAM 1520/3964MB (lfb 133x4MB) SWAP 70/6078MB (cached 1MB) CPU [1%@1224,0%@1224,0%@1224,1%@1224] EMC_FREQ 0% GR3D_FREQ 0% PLL@45C CPU@49C PMIC@50C GPU@44C AO@57C thermal@46.75C
RAM 1520/3964MB (lfb 133x4MB) SWAP 70/6078MB (cached 1MB) CPU [1%@1224,0%@1224,0%@1224,1%@1224] EMC_FREQ 0% GR3D_FREQ 0% PLL@45.5C CPU@49.5C PMIC@50C GPU@44C AO@56.5C thermal@48.25C
RAM 1520/3964MB (lfb 133x4MB) SWAP 70/6078MB (cached 1MB) CPU [0%@1224,0%@1224,0%@1224,0%@1224] EMC_FREQ 0% GR3D_FREQ 0% PLL@45C CPU@49C PMIC@50C GPU@47C AO@56.5C thermal@46.5C
RAM 1520/3964MB (lfb 133x4MB) SWAP 70/6078MB (cached 1MB) CPU [2%@1224,0%@1224,0%@1224,1%@1224] EMC_FREQ 0% GR3D_FREQ 0% PLL@45C CPU@49C PMIC@50C GPU@44C AO@56.5C thermal@46.5C
RAM 1520/3964MB (lfb 133x4MB) SWAP 70/6078MB (cached 1MB) CPU [1%@1224,0%@1224,0%@1224,1%@1224] EMC_FREQ 0% GR3D_FREQ 0% PLL@45C CPU@49C PMIC@50C GPU@44C AO@56.5C thermal@46.75C
RAM 1520/3964MB (lfb 133x4MB) SWAP 70/6078MB (cached 1MB) CPU [0%@1224,1%@1224,0%@1224,1%@1224] EMC_FREQ 0% GR3D_FREQ 0% PLL@45C CPU@49C PMIC@50C GPU@43.5C AO@56.5C thermal@46.75C
RAM 1520/3964MB (lfb 133x4MB) SWAP 70/6078MB (cached 1MB) CPU [1%@1224,0%@1224,0%@1224,0%@1224] EMC_FREQ 0% GR3D_FREQ 0% PLL@45C CPU@48.5C PMIC@50C GPU@44C AO@56.5C thermal@46.5C
RAM 1520/3964MB (lfb 133x4MB) SWAP 70/6078MB (cached 1MB) CPU [1%@1224,1%@1224,0%@1224,1%@1224] EMC_FREQ 0% GR3D_FREQ 0% PLL@45C CPU@49C PMIC@50C GPU@43.5C AO@56.5C thermal@46.25C
RAM 1520/3964MB (lfb 133x4MB) SWAP 70/6078MB (cached 1MB) CPU [1%@1224,1%@1224,0%@1224,0%@1224] EMC_FREQ 0% GR3D_FREQ 0% PLL@44.5C CPU@48.5C PMIC@50C GPU@46.5C AO@56C thermal@46.5C
RAM 1520/3964MB (lfb 133x4MB) SWAP 70/6078MB (cached 1MB) CPU [0%@1224,1%@1224,0%@1224,0%@1224] EMC_FREQ 0% GR3D_FREQ 0% PLL@45.5C CPU@49C PMIC@50C GPU@43.5C AO@56.5C thermal@46C
RAM 1520/3964MB (lfb 133x4MB) SWAP 70/6078MB (cached 1MB) CPU [0%@1224,1%@1224,0%@1224,0%@1224] EMC_FREQ 0% GR3D_FREQ 0% PLL@45C CPU@48.5C PMIC@50C GPU@43.5C AO@56C thermal@46.25C
RAM 1520/3964MB (lfb 133x4MB) SWAP 70/6078MB (cached 1MB) CPU [1%@1224,1%@1224,1%@1224,0%@1224] EMC_FREQ 0% GR3D_FREQ 0% PLL@45C CPU@48.5C PMIC@50C GPU@43.5C AO@56.5C thermal@46C
RAM 1520/3964MB (lfb 133x4MB) SWAP 70/6078MB (cached 1MB) CPU [1%@1224,0%@1224,0%@1224,1%@1224] EMC_FREQ 0% GR3D_FREQ 0% PLL@45C CPU@48.5C PMIC@50C GPU@43.5C AO@56.5C thermal@46C
RAM 1520/3964MB (lfb 133x4MB) SWAP 70/6078MB (cached 1MB) CPU [2%@1224,1%@1224,0%@1224,1%@1224] EMC_FREQ 0% GR3D_FREQ 0% PLL@45C CPU@48.5C PMIC@50C GPU@43.5C AO@56C thermal@46C
RAM 1520/3964MB (lfb 133x4MB) SWAP 70/6078MB (cached 1MB) CPU [0%@1224,0%@1224,0%@1224,0%@1224] EMC_FREQ 0% GR3D_FREQ 0% PLL@45C CPU@48.5C PMIC@50C GPU@47C AO@56.5C thermal@46C
RAM 1520/3964MB (lfb 133x4MB) SWAP 70/6078MB (cached 1MB) CPU [2%@1224,1%@1224,0%@1224,1%@1224] EMC_FREQ 0% GR3D_FREQ 0% PLL@45C CPU@48.5C PMIC@50C GPU@47C AO@56C thermal@47.75C
RAM 1520/3964MB (lfb 133x4MB) SWAP 70/6078MB (cached 1MB) CPU [1%@1224,1%@1224,0%@1224,1%@1224] EMC_FREQ 0% GR3D_FREQ 0% PLL@45C CPU@48.5C PMIC@50C GPU@43.5C AO@56C thermal@47.75C
RAM 1520/3964MB (lfb 133x4MB) SWAP 70/6078MB (cached 1MB) CPU [0%@1224,1%@1224,0%@1224,0%@1224] EMC_FREQ 0% GR3D_FREQ 0% PLL@45C CPU@48.5C PMIC@50C GPU@43.5C AO@56C thermal@46.25C
RAM 1520/3964MB (lfb 133x4MB) SWAP 70/6078MB (cached 1MB) CPU [1%@1224,0%@1224,0%@1224,0%@1224] EMC_FREQ 0% GR3D_FREQ 0% PLL@45C CPU@48.5C PMIC@50C GPU@43.5C AO@56C thermal@46C
RAM 1520/3964MB (lfb 133x4MB) SWAP 70/6078MB (cached 1MB) CPU [2%@1224,1%@1224,0%@1224,1%@1224] EMC_FREQ 0% GR3D_FREQ 0% PLL@44.5C CPU@48.5C PMIC@50C GPU@43.5C AO@56C thermal@46C
RAM 1520/3964MB (lfb 133x4MB) SWAP 70/6078MB (cached 1MB) CPU [1%@1224,0%@1224,0%@1224,0%@1224] EMC_FREQ 0% GR3D_FREQ 0% PLL@44.5C CPU@48C PMIC@50C GPU@46.5C AO@56C thermal@46C
RAM 1520/3964MB (lfb 133x4MB) SWAP 70/6078MB (cached 1MB) CPU [0%@1224,0%@1224,0%@1224,1%@1224] EMC_FREQ 0% GR3D_FREQ 0% PLL@44.5C CPU@48.5C PMIC@50C GPU@43.5C AO@56C thermal@45.5C
RAM 1520/3964MB (lfb 133x4MB) SWAP 70/6078MB (cached 1MB) CPU [0%@1224,0%@1224,0%@1224,1%@1224] EMC_FREQ 0% GR3D_FREQ 0% PLL@44C CPU@48.5C PMIC@50C GPU@43.5C AO@56C thermal@46C
RAM 1520/3964MB (lfb 133x4MB) SWAP 70/6078MB (cached 1MB) CPU [1%@1224,0%@1224,0%@1224,5%@1224] EMC_FREQ 0% GR3D_FREQ 0% PLL@44.5C CPU@48.5C PMIC@50C GPU@43C AO@56C thermal@46C
RAM 1520/3964MB (lfb 133x4MB) SWAP 70/6078MB (cached 1MB) CPU [1%@1224,0%@1224,0%@1224,1%@1224] EMC_FREQ 0% GR3D_FREQ 0% PLL@44.5C CPU@48.5C PMIC@50C GPU@43C AO@56C thermal@45.75C
RAM 1520/3964MB (lfb 133x4MB) SWAP 70/6078MB (cached 1MB) CPU [2%@1224,0%@1224,0%@1224,1%@1224] EMC_FREQ 0% GR3D_FREQ 0% PLL@44C CPU@48C PMIC@50C GPU@43C AO@55.5C thermal@45.5C
RAM 1520/3964MB (lfb 133x4MB) SWAP 70/6078MB (cached 1MB) CPU [0%@1224,0%@1224,0%@1224,0%@1224] EMC_FREQ 0% GR3D_FREQ 0% PLL@44.5C CPU@48C PMIC@50C GPU@46.5C AO@55.5C thermal@45.75C
RAM 1520/3964MB (lfb 133x4MB) SWAP 70/6078MB (cached 1MB) CPU [1%@1224,1%@1224,0%@1224,2%@1224] EMC_FREQ 0% GR3D_FREQ 0% PLL@44.5C CPU@48C PMIC@50C GPU@43C AO@55.5C thermal@45.5C
RAM 1520/3964MB (lfb 133x4MB) SWAP 70/6078MB (cached 1MB) CPU [0%@1224,0%@1224,0%@1224,0%@1224] EMC_FREQ 0% GR3D_FREQ 0% PLL@44.5C CPU@48C PMIC@50C GPU@43.5C AO@56C thermal@45.75C
RAM 1520/3964MB (lfb 133x4MB) SWAP 70/6078MB (cached 1MB) CPU [2%@1224,1%@1224,1%@1224,2%@1224] EMC_FREQ 0% GR3D_FREQ 0% PLL@44.5C CPU@48C PMIC@50C GPU@43.5C AO@55.5C thermal@45.5C
RAM 1520/3964MB (lfb 133x4MB) SWAP 70/6078MB (cached 1MB) CPU [1%@1224,0%@1224,0%@1224,0%@1224] EMC_FREQ 0% GR3D_FREQ 0% PLL@44C CPU@48C PMIC@50C GPU@43C AO@55.5C thermal@45.5C
RAM 1520/3964MB (lfb 133x4MB) SWAP 70/6078MB (cached 1MB) CPU [2%@1224,0%@1224,1%@1224,1%@1224] EMC_FREQ 0% GR3D_FREQ 2% PLL@44C CPU@48C PMIC@50C GPU@43C AO@55.5C thermal@47C
RAM 1520/3964MB (lfb 133x4MB) SWAP 70/6078MB (cached 1MB) CPU [1%@1224,0%@1224,0%@1224,0%@1224] EMC_FREQ 0% GR3D_FREQ 0% PLL@44C CPU@48C PMIC@50C GPU@46C AO@55.5C thermal@47.25C
RAM 1520/3964MB (lfb 133x4MB) SWAP 70/6078MB (cached 1MB) CPU [0%@1224,0%@1224,0%@1224,1%@1224] EMC_FREQ 0% GR3D_FREQ 0% PLL@44C CPU@48C PMIC@50C GPU@43C AO@55.5C thermal@47.25C
RAM 1520/3964MB (lfb 133x4MB) SWAP 70/6078MB (cached 1MB) CPU [1%@1224,0%@1224,0%@1224,0%@1224] EMC_FREQ 0% GR3D_FREQ 0% PLL@44C CPU@48C PMIC@50C GPU@43C AO@55.5C thermal@45.5C
RAM 1520/3964MB (lfb 133x4MB) SWAP 70/6078MB (cached 1MB) CPU [1%@1224,0%@1224,0%@1224,1%@1224] EMC_FREQ 0% GR3D_FREQ 0% PLL@44C CPU@47.5C PMIC@50C GPU@42.5C AO@55C thermal@45.5C
RAM 1520/3964MB (lfb 133x4MB) SWAP 70/6078MB (cached 1MB) CPU [1%@1224,0%@1224,0%@1224,0%@1224] EMC_FREQ 0% GR3D_FREQ 0% PLL@44C CPU@48C PMIC@50C GPU@43C AO@55.5C thermal@45.25C
RAM 1520/3964MB (lfb 133x4MB) SWAP 70/6078MB (cached 1MB) CPU [2%@1224,0%@1224,0%@1224,1%@1224] EMC_FREQ 0% GR3D_FREQ 2% PLL@44C CPU@48C PMIC@50C GPU@42.5C AO@55.5C thermal@45.25C
RAM 1520/3964MB (lfb 133x4MB) SWAP 70/6078MB (cached 1MB) CPU [0%@1224,0%@1224,0%@1224,0%@1224] EMC_FREQ 0% GR3D_FREQ 0% PLL@43.5C CPU@48C PMIC@50C GPU@45.5C AO@55.5C thermal@45.5C
RAM 1520/3964MB (lfb 133x4MB) SWAP 70/6078MB (cached 1MB) CPU [0%@1224,1%@1224,0%@1224,0%@1224] EMC_FREQ 0% GR3D_FREQ 0% PLL@44C CPU@48C PMIC@50C GPU@42.5C AO@55.5C thermal@45.5C
RAM 1520/3964MB (lfb 133x4MB) SWAP 70/6078MB (cached 1MB) CPU [2%@1224,0%@1224,0%@1224,1%@1224] EMC_FREQ 0% GR3D_FREQ 0% PLL@44C CPU@47.5C PMIC@50C GPU@43C AO@55C thermal@45.5C
RAM 1520/3964MB (lfb 133x4MB) SWAP 70/6078MB (cached 1MB) CPU [0%@1224,0%@1224,0%@1224,2%@1224] EMC_FREQ 0% GR3D_FREQ 0% PLL@43.5C CPU@47.5C PMIC@50C GPU@42.5C AO@55.5C thermal@45C
RAM 1520/3964MB (lfb 133x4MB) SWAP 70/6078MB (cached 1MB) CPU [1%@1224,0%@1224,0%@1224,1%@1224] EMC_FREQ 0% GR3D_FREQ 0% PLL@43.5C CPU@48C PMIC@50C GPU@43C AO@55C thermal@45C
RAM 1520/3964MB (lfb 133x4MB) SWAP 70/6078MB (cached 1MB) CPU [1%@1224,1%@1224,0%@1224,1%@1224] EMC_FREQ 0% GR3D_FREQ 0% PLL@44C CPU@47.5C PMIC@50C GPU@42.5C AO@55.5C thermal@45C
RAM 1520/3964MB (lfb 133x4MB) SWAP 70/6078MB (cached 1MB) CPU [1%@1224,0%@1224,0%@1224,1%@1224] EMC_FREQ 0% GR3D_FREQ 0% PLL@43.5C CPU@47.5C PMIC@50C GPU@45.5C AO@55C thermal@45C
RAM 1520/3964MB (lfb 133x4MB) SWAP 70/6078MB (cached 1MB) CPU [1%@1224,0%@1224,0%@1224,1%@1224] EMC_FREQ 0% GR3D_FREQ 0% PLL@43.5C CPU@47.5C PMIC@50C GPU@42.5C AO@54.5C thermal@45C
RAM 1520/3964MB (lfb 133x4MB) SWAP 70/6078MB (cached 1MB) CPU [2%@1224,1%@1224,0%@1224,1%@1224] EMC_FREQ 0% GR3D_FREQ 0% PLL@44C CPU@47.5C PMIC@50C GPU@42.5C AO@55C thermal@45C
RAM 1520/3964MB (lfb 133x4MB) SWAP 70/6078MB (cached 1MB) CPU [1%@1224,0%@1224,0%@1224,1%@1224] EMC_FREQ 0% GR3D_FREQ 0% PLL@43.5C CPU@47.5C PMIC@50C GPU@43C AO@55C thermal@45C
RAM 1520/3964MB (lfb 133x4MB) SWAP 70/6078MB (cached 1MB) CPU [1%@1224,0%@1224,0%@1224,0%@1224] EMC_FREQ 0% GR3D_FREQ 0% PLL@43.5C CPU@47C PMIC@50C GPU@42.5C AO@55C thermal@46.5C
RAM 1520/3964MB (lfb 133x4MB) SWAP 70/6078MB (cached 1MB) CPU [2%@1224,0%@1224,0%@1224,2%@1224] EMC_FREQ 0% GR3D_FREQ 0% PLL@43.5C CPU@47.5C PMIC@50C GPU@42.5C AO@55C thermal@46.5C
RAM 1520/3964MB (lfb 133x4MB) SWAP 70/6078MB (cached 1MB) CPU [1%@1224,0%@1224,0%@1224,1%@1224] EMC_FREQ 0% GR3D_FREQ 0% PLL@44C CPU@47C PMIC@50C GPU@46C AO@55C thermal@46.75C
RAM 1520/3964MB (lfb 133x4MB) SWAP 70/6078MB (cached 1MB) CPU [1%@1224,0%@1224,0%@1224,0%@1224] EMC_FREQ 0% GR3D_FREQ 0% PLL@43.5C CPU@47.5C PMIC@50C GPU@42.5C AO@54.5C thermal@45C
RAM 1520/3964MB (lfb 133x4MB) SWAP 70/6078MB (cached 1MB) CPU [1%@1224,0%@1224,0%@1224,0%@1224] EMC_FREQ 0% GR3D_FREQ 0% PLL@43.5C CPU@47.5C PMIC@50C GPU@42.5C AO@54.5C thermal@45C
RAM 1524/3964MB (lfb 133x4MB) SWAP 70/6078MB (cached 1MB) CPU [18%@1479,16%@1479,11%@1479,19%@1479] EMC_FREQ 0% GR3D_FREQ 0% PLL@45C CPU@49C PMIC@50C GPU@43C AO@55.5C thermal@45.25C
